max_runtime,dt,reference_speed,cte_weight,epsi_weight,v_weight,delta_weight,throttle_weight,delta_gap_weight,throttle_gap_weight,crashed,runtime,distance,total_absolute_cte
90,0.05,50.0,1.0,0.03373915010232723,0.371722945943346,0.8060509447886097,0.21602005829001236,367.9266755299766,0.07843959094719306,false,90.0752,1905.43,35.1544
90,0.05,50.0,1.0,0.36825215246539417,0.687138191647507,0.2897301586667345,0.6225073911953837,91.48737238703626,0.07567025212259192,true,8.08717,118.652,5.23302
90,0.05,50.0,1.0,7.489969115401692,0.2810018264930603,3.313164503610286,0.3771951508430018,78.82190434680011,0.6991515512461544,true,9.72511,153.811,3.81325
90,0.05,50.0,1.0,9.184881507226446,0.5430420202240744,18.09200752814489,0.2715289489058765,58.1406830214672,0.4916664961765556,true,11.8979,203.387,4.53352
90,0.05,50.0,1.0,0.5012200005504955,0.27135476918941753,0.962564975911498,0.22729663825769436,376.0401094420957,0.20031577804790346,false,90.0396,1897.29,36.879
90,0.05,50.0,1.0,1.2674351927536212,0.26088218472720304,0.5948306715053429,0.967409308446405,13.489593484672623,0.4417973635801047,true,5.82685,67.7015,4.32573
90,0.05,50.0,1.0,4.112096906562878,0.1104874602610851,0.35520922615264394,0.4741376647641077,79.51524984771594,0.732142906364471,true,14.1752,242.667,12.4761
90,0.05,50.0,1.0,4.383879667198799,0.4975907574592784,1.4738049524658348,0.8623185044674931,76.97233721063031,0.09167837443601426,true,10.331,166.97,5.22322
90,0.05,50.0,1.0,6.03871497451535,0.23666977457252927,0.7156696468260149,0.44977845942396044,214.23364115447876,0.24321998606082162,true,44.5576,900.709,22.2779
90,0.05,50.0,1.0,0.19660182220313116,0.06079912326902992,4.036101491413367,0.40154659943872295,6.91025583844155,0.2474650402525739,true,8.55236,123.378,7.066
90,0.05,50.0,1.0,0.0613648232421765,0.25049905488721597,1.0574461395641637,0.7178978720438953,236.40090950130391,2.910348937007313,true,46.9939,939.111,34.0318
90,0.05,50.0,1.0,0.5901208016521613,0.2770873309202023,9.266532330712527,0.13100578443945143,297.66686826598163,0.5954014037288816,false,90.0234,1900.37,36.9465
90,0.05,50.0,1.0,0.5573597572068564,0.3950538805897521,0.04775546649503633,0.5596608520594275,134.63052157916633,0.49708161653549304,true,8.34202,124.026,3.6433
90,0.05,50.0,1.0,20.345778071262217,0.1417916464713257,1.4847694475896536,0.19255324728533352,212.32013738648877,0.18120861143835376,true,20.9562,394.544,15.9935
90,0.05,50.0,1.0,0.1146508605771009,0.2544020400007452,0.08448045924138822,1.1326578829916452,530.525999399453,0.5747811242671678,false,90.1324,1848.68,21.5032
90,0.05,50.0,1.0,2.384625333976551,0.39121957462432044,0.028860631610843793,0.5669263289655746,272.7321839357749,0.09622414727807384,true,34.5956,690.497,17.2977
90,0.05,50.0,1.0,13.279643589263282,0.15425949430887276,0.4972936333973652,0.3322706024714412,4.490323986862624,0.5351428220132508,true,6.10034,73.0211,2.61016
90,0.05,50.0,1.0,0.3624548676983997,0.2923892634292107,2.697058329299495,0.38454693857525163,140.59204766058886,0.6511758449743804,true,13.1779,228.394,7.33347
90,0.05,50.0,1.0,13.595716620995875,0.39064303544275353,4.945392279626946,0.462553548923316,94.86987346197449,2.902429372640578,true,8.57168,130.206,3.32037
90,0.05,50.0,1.0,7.7822886572372845,0.7514059011567948,8.652477486431405,0.3080867117727564,71.42239957434705,0.5006165532587874,true,13.4585,236.934,4.59752
90,0.05,50.0,1.0,0.05230876927925729,0.03952038892919805,1.3018414936995095,0.489854312837951,510.9147095619182,3.18646270476639,false,90.044,1743.16,14.0041
90,0.05,50.0,1.0,6.373959712190422,0.2290185599309239,14.099334977466532,0.23035234575785513,20.427160722124004,0.23242585426778947,true,10.9253,179.621,10.3039
90,0.05,50.0,1.0,0.19616964388264815,0.11121496548645786,1.2157532590898532,0.38540371401756196,217.4355683736048,0.25343180756395106,true,50.5328,1013.38,33.4946
90,0.05,50.0,1.0,0.6418760413659083,0.3668428846100964,0.7729131649634688,0.12517883625791265,63.27623485791883,2.143422328780984,true,7.08631,96.8804,4.9129
90,0.05,50.0,1.0,3.680701645748337,0.14295346164498732,1.9553251155053246,1.6190171611871804,595.4054226985457,0.09094346324501658,false,90.0583,1774.76,14.987
90,0.05,50.0,1.0,11.514024762135616,0.4105637146345559,2.656644405803882,0.10287337636536906,252.0904109928024,0.07067312374846073,true,85.1561,1796.14,57.1246
90,0.05,50.0,1.0,59.89205040425853,0.6351573456348072,2.292601402905535,1.7770428412204162,55.21533701542555,0.6362435466588698,true,6.43824,81.8161,4.61189
90,0.05,50.0,1.0,2.0659009441165916,0.18534678397991408,1.5180547456816862,0.5212630085363155,211.82460333363682,0.09685691573187569,true,36.7338,729.528,13.5915
90,0.05,50.0,1.0,0.03895857713289113,0.46741315672286543,3.480987104862323,0.37460423567482787,109.46333269966587,0.4346320499222171,true,12.1158,206.786,8.30637
90,0.05,50.0,1.0,0.09344045172101925,0.16779430738160817,1.0388716211016946,0.86827380823725,43.3697438603541,0.8256606663279747,true,8.04154,115.318,3.85493
90,0.05,50.0,1.0,12.547855808893742,0.22916260212898815,0.058359863292172694,0.5022855416272446,54.79304988374668,0.5462872206702709,true,9.50416,149.098,4.92765
90,0.05,50.0,1.0,0.4701045358689584,0.3346774362825952,0.07179676149946863,0.3774972504316829,251.13445117043076,0.2096602059932816,true,88.7327,1863.7,25.9775
90,0.05,50.0,1.0,0.05746631849850921,0.3518072647550508,3.556589973769009,0.29447954239782365,141.2406295665214,0.38213133881198497,true,14.6391,260.978,11.173
90,0.05,50.0,1.0,8.115870645061774,0.23725839740866436,2.2000099561742537,0.7240617772303624,65.94446051291136,1.4645659462273106,true,11.1994,183.268,7.07006
90,0.05,50.0,1.0,0.1604954174880888,0.19969676240247006,0.21379361313521672,0.3744689121557641,7.772478493687458,0.6681214085732826,true,5.13239,51.5053,3.72182
90,0.05,50.0,1.0,0.8644355578867212,0.14137885496410446,2.3711604857104054,0.9755380756012559,125.55451308674101,0.05177564034266579,true,23.1966,425.133,16.0669
90,0.05,50.0,1.0,0.09207899836456722,0.29633204783422645,6.220493934733951,0.3442794258663406,167.4204108021023,0.2854486299547171,true,32.226,640.84,14.585
90,0.05,50.0,1.0,3.1885092796085637,0.07409064013268081,4.355525392675894,0.4755427144356113,65.21030231105311,0.40522490858659177,true,10.1396,158.214,4.91234
90,0.05,50.0,1.0,2.837214868717534,0.22979054894188225,1.5921675402881321,1.034293114682189,122.72291529987221,0.3381184012347441,true,9.17314,139.542,4.72311
90,0.05,50.0,1.0,0.8022582683586821,0.08203958819898619,0.8093549544817207,0.35572385165427095,51.2083301034771,3.2146004440208746,true,8.17133,117.919,3.21992
90,0.05,50.0,1.0,2.7440290430341396,0.3110448098114953,3.375609064419388,0.22445302143675822,356.1568463881153,0.4212860689227555,false,90.0566,1897.69,42.5525
90,0.05,50.0,1.0,0.47815600606885333,0.1730265641801588,6.554092910255845,1.3083847158126876,145.59453518365672,0.3617153002128607,true,30.8874,584.86,15.6451
90,0.05,50.0,1.0,12.497550162596292,0.23703114007762588,0.2832943181430605,0.7464872437887948,207.42538374573124,1.5197478804117288,true,23.0924,428.427,17.6444
90,0.05,50.0,1.0,1.0763395840609788,0.16457025065520103,1.6310800044416138,0.36628668860384456,104.20278253371694,0.06318937191143469,true,16.9751,308.077,9.76707
90,0.05,50.0,1.0,3.9683386114073085,0.10652902759811247,3.6746719209720555,0.5393083045050782,187.0259244150687,0.517801919051111,true,37.3987,726.979,23.0098
90,0.05,50.0,1.0,17.718217513969403,0.5431963839325307,4.437589287935413,0.4966222065116463,24.14074818997529,2.113366069131519,true,7.98559,115.863,11.4114
90,0.05,50.0,1.0,1.4390681329504724,0.20550769641704006,4.659576365376456,0.5235407541656832,438.2794077311288,0.22392869648154617,false,90.0686,1872.62,21.6249
90,0.05,50.0,1.0,0.4662247145713794,0.04266165453095315,0.24136316815567999,0.22114384699986503,58.35854732770136,0.11487508012946528,true,10.679,171.094,15.8097
90,0.05,50.0,1.0,0.4361951611645939,0.14198447023782376,2.6917514015602437,0.5163646728135013,257.980999749313,0.0896556100938591,true,65.6485,1336.74,25.4238
90,0.05,50.0,1.0,0.36362404465321485,0.11072072579127906,0.03526215887033251,0.2752532434609717,99.60088429486602,0.07783469857535079,true,11.9113,199.138,8.22945
90,0.05,50.0,1.0,0.23283552724699416,0.23051356353447677,2.238523326505069,0.09732433714436835,188.70421891930326,0.3265538706184289,true,14.3723,256.354,7.53076
90,0.05,50.0,1.0,0.1555875230481607,0.2871696927921034,0.13635642239535659,0.45060155293896104,27.989065845447524,0.4047173401133156,true,8.50556,126.905,2.87948
90,0.05,50.0,1.0,0.8256447709808077,0.12167608263757766,0.27735248783943867,0.6294767898503955,107.92810628516588,0.046689845214224146,true,12.422,207.824,5.47992
90,0.05,50.0,1.0,1.352100690612348,0.3928842249423881,0.14016404302215418,0.30885913680405536,43.76007284728519,0.3370156620003512,true,8.33762,122.835,7.65779
90,0.05,50.0,1.0,4.85368065469491,0.13201269858784354,0.4718963412463378,0.2372103863194086,53.464091202958755,0.905750653778801,true,10.9233,178.518,19.2637
90,0.05,50.0,1.0,4.846996844168154,0.11331024084204022,0.47034522602118733,0.44785733661719057,224.0343124385883,0.1422761391095125,true,35.1206,688.805,12.4832
90,0.05,50.0,1.0,0.2020027404901526,0.2610223701512936,4.635935234739938,0.5674246798044444,442.983330046359,0.44881954915250005,false,90.122,1877.35,26.8054
90,0.05,50.0,1.0,40.11055636066371,0.26061811402750223,5.627315845773857,0.5134468630350226,120.75013726776622,1.5562396727622057,true,9.25412,142.723,5.66706
90,0.05,50.0,1.0,1.7126884929467898,0.29266613723193596,3.67205317379406,0.435583008047337,40.65397749402744,1.3136744463831944,true,8.39414,124.137,3.39495
90,0.05,50.0,1.0,0.3155308921290864,0.09619286484202261,1.1178362863322513,0.9411038853908192,585.3549954988629,2.203320288125046,false,90.0053,1780.19,16.2841
90,0.05,50.0,1.0,0.35507182519400415,0.49240344290704363,0.8594710661188814,0.227410820968763,97.44275539750308,0.21823948035741497,true,8.84438,135.7,4.60957
90,0.05,50.0,1.0,0.8587890913257096,0.17561324728568034,0.3632013633352119,0.5591085534285347,29.141959199472236,0.4784877811843193,true,8.29081,120.361,5.69133
90,0.05,50.0,1.0,1.8439708398923225,0.2924575592685552,0.6956541430672232,0.7215108399180133,407.2694724925914,0.23547558411773134,false,90.0243,1873.96,18.845
90,0.05,50.0,1.0,0.1546281691081964,0.028698967502798746,5.57107761005138,0.5009845489312564,290.1669143491699,0.12292548081296745,false,90.1578,1715.32,12.814
90,0.05,50.0,1.0,0.8372662013806574,0.1860216790092632,0.13276783046557392,0.3172531545493398,16.13539748839871,0.3403494887291927,true,7.12488,97.3331,3.36446
90,0.05,50.0,1.0,1.9333699973360274,0.8202727290927212,0.2538213394750384,0.703476304111752,155.94780063554572,0.18156088017871314,true,11.1278,184.551,4.0788
90,0.05,50.0,1.0,0.09442807663178686,0.19660377087276756,36.394246717763,0.5027177333622728,165.89825345004985,0.4256697186667831,false,90.1184,1872.05,24.4932
90,0.05,50.0,1.0,0.08043214997469779,0.2881136642543074,4.648369088961411,0.4703253941117857,433.126261027732,4.484267254531828,false,90.09,1874.99,22.9487
90,0.05,50.0,1.0,12.904959700925188,0.21936520754229683,1.1910155092098895,0.38298443810397237,69.33477160953677,0.5522463704303745,true,8.30614,123.012,3.08388
90,0.05,50.0,1.0,1.0574775737858169,0.2609751081942826,50.73254924475346,0.38353650908163534,124.78069325974604,0.05169901531171965,false,90.0795,1890.18,21.9172
90,0.05,50.0,1.0,137.1908017413584,0.265851982203454,0.21109181216985598,0.39414023772928186,61.99572002657044,0.14538280423644484,true,5.77434,69.0348,3.50886
90,0.05,50.0,1.0,9.421113334889679,0.26164915659803184,0.030697082546737694,0.35184875509972263,270.4171885358133,0.6081955201771408,true,38.281,769.161,13.0191
90,0.05,50.0,1.0,0.6370179344041739,1.407294867209255,3.2604989728327247,0.23697670084814576,30.767104092078508,0.344311461604988,true,6.3693,79.5786,4.84885
90,0.05,50.0,1.0,0.07390827914403049,0.45697902396097495,19.448414015600218,0.5372344073026801,19.114461568300367,4.68108245679449,true,8.99518,138.146,6.07321
90,0.05,50.0,1.0,10.835283445722977,0.052616099374189484,0.20686466008358367,0.16516005466296405,634.0385738547292,0.8103102276325903,false,90.0228,1856.33,17.3504
90,0.05,50.0,1.0,1.167030036533033,0.11700935817399415,0.401619463632216,0.1822497890055908,43.00713805742254,0.44327684307199267,true,8.11424,118.131,5.89892
90,0.05,50.0,1.0,1.0933819439416999,0.14776611382232857,9.151754902247214,0.12139700859265255,187.44553394934314,0.18084622897023234,true,34.3908,689.03,13.9356
90,0.05,50.0,1.0,2.1672401598528652,0.34955548458074126,0.030534831018389566,0.42948632431825406,35.50963562567123,0.05710293521162725,true,12.1914,205.065,13.8805
90,0.05,50.0,1.0,0.8046600497573158,0.04688874559763816,2.862128724832244,0.5978594960494061,110.42095761797621,0.025668770945274984,true,22.4117,394.024,15.9647
90,0.05,50.0,1.0,5.551135540082009,0.18157424642605108,0.6016144674394335,0.4259581446358218,156.297452123429,4.526049291877816,true,17.0632,307.085,10.9739
90,0.05,50.0,1.0,6.966545712700225,0.32505704313092426,1.8597238984192062,0.15826353688461048,45.971854437730585,1.473146900024649,true,5.88738,68.6542,3.75301
90,0.05,50.0,1.0,6.237499053640874,0.17712488179966596,1.271582257974952,0.24803999227309825,1620.0006679058126,0.8106269772065651,false,90.1019,1886.32,15.7075
90,0.05,50.0,1.0,0.10836258018957878,0.05549237679510857,1.389716123132397,1.0367973545701175,59.037111266289294,0.48013172429945805,true,16.6113,265.266,12.17
90,0.05,50.0,1.0,0.03937725257933363,0.6207440467762076,0.3266301723646968,0.3889107613333641,122.75368474263237,0.06828264387818808,true,13.7942,241.664,9.65528
90,0.05,50.0,1.0,5.103037464155303,0.4386935635656606,0.8407017271862693,0.6113912197773362,54.03481447099708,0.3431399171505124,true,9.41687,146.346,8.0682
90,0.05,50.0,1.0,0.03474925106544042,0.12906029087558984,1.1082080187942676,0.15986789749039,184.7957624299317,0.2445525990893227,true,49.3736,1008.45,20.0888
90,0.05,50.0,1.0,4.432939197480401,0.6196253198948074,6.746776978583113,0.360776207838356,32.1281826117495,0.21580257362323751,true,7.9188,115.68,6.82932
90,0.05,50.0,1.0,0.16822974010548178,0.1869099168088458,0.7171257002170737,0.9651102701323868,29.53585074171242,3.1221080671421926,true,8.20768,118.148,4.80699
90,0.05,50.0,1.0,1.050768921044492,0.09528205773300849,16.404649307064513,0.5190701681449627,149.75666893155014,0.08123843646701791,false,90.0123,1834.87,22.9001
90,0.05,50.0,1.0,1.7332960493137863,0.2731342038863092,1.1519291790218926,0.9750444075970734,401.16334632043606,1.1913576404915167,false,90.0077,1855.42,17.9987
90,0.05,50.0,1.0,0.8937948287646524,0.6479916144061231,6.4193669219387015,0.5703201955072965,66.73819990609351,2.6608614734488083,true,8.64015,130.802,4.25328
90,0.05,50.0,1.0,31.373035291669503,0.07593171174474161,0.1028973983668179,1.2785366637055422,70.7891932851771,0.38829536878894355,true,11.083,163.808,8.97455
90,0.05,50.0,1.0,1.0836054097724896,0.5096384524841274,1.2362733984719354,0.5501742725917439,58.579462913058805,7.131582772221842,true,7.90612,115.147,4.71665
90,0.05,50.0,1.0,0.35749904589790893,0.2591237322555897,0.36185314826355386,0.32112787588014546,29.726658279084454,1.4448984634420035,true,6.23655,79.0741,2.6042
90,0.05,50.0,1.0,0.3828698754631905,0.2328411453919294,1.399439402329769,0.39045725815531396,36.867572957862485,1.6677911973250192,true,7.09851,95.0365,5.32325
90,0.05,50.0,1.0,0.6406397025885516,0.2841195997299577,0.6302894971470082,0.6262095390508874,313.52174745113376,0.23451743336698594,false,90.0675,1876.63,29.9694
90,0.05,50.0,1.0,32.282957581259424,0.18406094627953976,1.7419887083668015,0.30214522197254606,113.58922856592706,0.3123677930772552,true,10.0751,160.881,8.85011
90,0.05,50.0,1.0,25.8255950935965,0.08434081284597732,4.641711931829595,0.40493042617859937,284.91967461938924,0.8472343591410322,false,90.1069,1825.62,40.7004
90,0.05,50.0,1.0,20.832711272911165,3.036528229778583,19.69690053821089,0.2516219285972368,20.037351211792252,0.1418914407199754,true,6.50446,85.87,3.82829
90,0.05,50.0,1.0,5.59633318605212,0.3913937008906461,0.13543166763893386,0.17067698360804265,30.021576732961233,0.2032549910684953,true,7.09399,98.1854,5.15006
90,0.05,50.0,1.0,4.547878446203748,0.42099562271487406,0.11943334123944896,0.33231473884564344,443.0471557108509,0.18832487487141616,false,90.002,1896.98,43.4234
90,0.05,50.0,1.0,0.19116109388698052,0.38515060251846955,8.682363843818399,0.4139326003105546,77.8179459024187,0.475074055564065,true,13.6832,239.133,6.3377
90,0.05,50.0,1.0,0.009529601319607978,0.42439819643743437,11.039762441288882,0.36097734693023636,119.19919314196189,0.06750495106738566,true,17.6754,327.141,9.74419
90,0.05,50.0,1.0,16.230777925681068,0.20770353046373866,0.8265317163890418,0.20963063491739367,466.0875419808989,16.539237805674045,false,90.0265,1867.38,18.7814
90,0.05,50.0,1.0,1.307365452509458,0.4444509556236156,0.9973312884023243,0.6099469412407338,447.9072271133359,2.5794194226752145,false,90.053,1882.07,24.6953
90,0.05,50.0,1.0,64.8135356596532,0.11207780573018046,1.8703956426623403,0.31713296587960443,182.84306121721994,0.18784984256721268,true,10.1329,162.202,5.63354
90,0.05,50.0,1.0,0.7981783313518774,0.4804626580955393,2.048306556612946,0.243467635977678,233.12206164680578,0.7228776825918624,true,29.4153,583.884,5.7603
90,0.05,50.0,1.0,0.4650803841754578,0.16175504030459112,0.4153715667034945,0.44349516925036386,289.78526609993736,0.25733121237155615,false,90.0068,1866,38.3819
90,0.05,50.0,1.0,0.1418506485583825,0.3155202818708995,0.9435753846399402,0.18092641020841896,294.7052143782297,0.8031821429752893,true,47.214,965.077,35.0257
90,0.05,50.0,1.0,0.04374303343942764,0.32499311366307104,0.2501261089175176,1.2215379113259024,47.465506796652576,0.6598502262112482,true,8.98507,134.327,7.98081
90,0.05,50.0,1.0,26.665193433178764,0.47110222475797375,12.025345925326405,0.14128572172585394,127.14016549187615,0.25669734338625805,true,15.5274,281.129,12.6294
90,0.05,50.0,1.0,0.09703980483659343,0.18934454672565618,4.398962168069128,0.6182282210489348,99.51253218907874,0.20142321086939077,true,11.0032,177.99,4.75711
90,0.05,50.0,1.0,0.031217092137533133,0.2994808852590169,3.9074097866930138,0.3088077338439948,272.6629501692188,0.7702003730387948,true,58.1514,1197.49,43.7428
90,0.05,50.0,1.0,0.2986531356662149,0.42459628767197244,2.971340115782523,0.4212380340211614,133.22902589429555,0.3767324478641686,true,9.94453,159.133,7.34463
90,0.05,50.0,1.0,3.0191750031575673,0.2706827979769233,0.7614126109807046,0.5924585927333712,404.52687681328183,0.2549916233727895,false,90.0145,1876.32,22.3097
90,0.05,50.0,1.0,4.387826691875301,0.17084827864029506,1.5450230411344656,0.49630933386153014,282.93809904922915,0.7346929169826081,false,90.1336,1858.72,45.1864
90,0.05,50.0,1.0,1.878458623415228,0.27309307532476346,0.9347506954745902,0.16737558544381984,273.3336046458184,0.8947131010353151,true,34.5413,692.254,16.5214
90,0.05,50.0,1.0,0.28782223078709535,0.10762614946895788,9.307766388487888,0.9436996155238404,649.630016346461,0.07415005594070492,false,90.1509,1803.79,16.5543
90,0.05,50.0,1.0,0.0295711455722272,0.1929912939598786,0.040536893392486284,0.8503370990318151,68.13718403578949,0.9356277786370198,true,11.2099,178.723,9.53612
90,0.05,50.0,1.0,1.6596362093935426,0.3330171130763922,3.1072537917715026,0.39498630460702955,436.11836672411005,0.17717551627282363,false,90.116,1893.7,24.2464
90,0.05,50.0,1.0,0.04845902302212605,0.17733661435625214,1.0227856634586734,0.23442628558995274,681.6320140820812,1.3920047665207225,false,90.1599,1884.03,31.8441
90,0.05,50.0,1.0,0.37503743900341413,0.2477169411343422,1.0099063739770826,0.4942663606576558,99.68340178704658,0.16927467132846344,true,8.67213,131.057,3.51445
90,0.05,50.0,1.0,3.5166978585690405,0.20954412847582973,5.805908763205564,0.2263307211730087,103.71552245674557,0.20711224920406693,true,15.7121,283.772,12.0798
90,0.05,50.0,1.0,0.521354924005161,0.4187272951878827,2.0191491535744976,0.9581111890831935,170.95600745352598,0.7502031450541616,true,15.183,268.955,9.2576
90,0.05,50.0,1.0,0.010680073326122362,0.32720264002072963,3.0425019315752193,0.584643502856079,44.85529947246067,1.5839670995629567,true,10.6256,171.978,9.79126
90,0.05,50.0,1.0,12.849095148538382,0.2065677852771148,2.3436059049872475,0.6441565590083842,590.4905062077363,0.4543113433208443,false,90.0248,1863.82,16.5231
90,0.05,50.0,1.0,0.08154610372507085,0.538908941509974,2.0748678987137747,0.5501528329404286,580.3684523105495,1.390706229034695,true,66.4871,1374.19,73.0431
90,0.05,50.0,1.0,3.4380256258678905,0.4700346047085715,6.040748821331161,0.2249218170074797,277.7819873673144,0.16710342520312757,true,33.472,673.295,12.2156
90,0.05,50.0,1.0,1.8855352272953896,0.44762369832541,4.455391731515077,0.22019735739652932,417.23372673403065,0.5979776203096545,true,35.9662,725.431,13.695
90,0.05,50.0,1.0,0.9487149449037617,0.5939710207961096,1.923396994495261,0.38110386998360346,45.94024360246956,0.4401915459524072,true,6.60745,87.0578,3.2394
90,0.05,50.0,1.0,0.43558817343101786,0.22368039607320195,1.0353125713735634,0.25544252696531533,221.50710793539895,0.7607764833370817,true,36.1298,724.357,16.5774
90,0.05,50.0,1.0,0.46816551782707844,0.12938771922161976,0.14154318773599806,0.6315360906394022,436.5074808008454,1.1558866673206427,false,90.1341,1840.84,21.9912
90,0.05,50.0,1.0,7.2804866951817075,0.13936877033396802,1.3824784585123435,1.0866746113762666,164.41387650816102,2.951517851223953,true,13.6886,226.976,14.379
90,0.05,50.0,1.0,1.3214730846087193,0.40623663248168135,4.268627646982713,0.25769276313676387,363.1539890742675,0.3651415513346527,true,35.788,721.829,12.0162
90,0.05,50.0,1.0,5.077704633343137,0.22990668664756225,12.17534868539473,0.7167541924578881,141.23696984002308,0.32897232671980786,true,20.8718,386.263,17.8654
90,0.05,50.0,1.0,0.02327096421137646,0.4540812146241378,18.996403844130526,0.5746448013954975,390.5599539525795,0.5611792252483123,false,90.0685,1889.14,29.1062
90,0.05,50.0,1.0,3.24633841664148,0.3215540862995303,1.1458835082312055,0.331064680049271,265.0115242389799,7.472657724328924,true,76.9183,1588.65,31.7613
90,0.05,50.0,1.0,2.699582247679229,0.2783777886356084,0.6853730953264322,0.7157136561523834,273.3526541816043,0.6164212030523732,true,35.072,693.842,16.9124
90,0.05,50.0,1.0,0.35650875510676766,0.33468107059391183,1.1347442060071034,1.0524759951273681,17.25470294589475,13.171088029456548,true,7.08218,87.0905,6.89763
90,0.05,50.0,1.0,0.6425939618384379,0.3191864769456979,12.387897422371491,0.5215042928177795,511.90750580941307,1.0712648416758095,false,90.0947,1882.23,23.6402
90,0.05,50.0,1.0,0.7548088411583214,0.2741882306758066,3.63731011002356,0.3566778362534982,169.15443766837913,0.38838246832431916,true,19.7417,367.687,18.9673
90,0.05,50.0,1.0,0.29391000118062216,0.2641872527372993,0.8828186450990201,0.49178497995751735,194.89985659070973,0.24692777742524374,true,23.9943,453.715,14.0608
90,0.05,50.0,1.0,1.8810752048601425,0.08438834474969084,0.22799928460829033,1.1344230440714955,393.1619908316143,0.15463604153186464,false,90.0446,1751.66,13.5113
90,0.05,50.0,1.0,0.08060985733143855,0.22532146962850913,2.8685443918567617,0.22591042849109497,161.1210704410201,0.4114830244948592,true,22.0432,419.059,8.93904
90,0.05,50.0,1.0,1.4711038020077178,0.34769601058122207,0.649705860925664,0.39430667902322064,512.642767752486,1.5183089924754352,true,62.2963,1284.47,42.0018
90,0.05,50.0,1.0,1.8280212969146448,0.17885820662429316,2.710149830687976,0.2137046487651609,88.24254153373657,0.24753989234289783,true,10.8295,178.071,4.36096
90,0.05,50.0,1.0,1.9284015435465456,0.1701760113665687,0.11243746378734243,0.41540055600822523,458.37727724453833,0.12310483565909608,false,90.0093,1871.32,39.0333
90,0.05,50.0,1.0,0.9970160977523609,0.18424931345904996,5.135870844051961,0.7440009737267101,494.92780177559865,0.06703033149496172,false,90.0351,1852.06,33.6623
90,0.05,50.0,1.0,0.4479965331659744,0.30733471671424417,4.939138334095242,0.37419176831808904,796.7441033316234,0.14474497076080786,false,90.0725,1892.61,29.9017
90,0.05,50.0,1.0,0.8939776608452659,0.39227373594863485,5.178213869988621,0.6499120745567744,915.1983056293096,1.023868601782145,false,90.1479,1883.92,23.9319
90,0.05,50.0,1.0,0.18269193999176755,0.353557920010015,7.822690788294332,0.41791405441177054,289.72198375871943,0.29058283640011706,true,36.0419,722.605,16.8187
90,0.05,50.0,1.0,0.10332891705771963,0.3993289123399254,24.70233444676667,0.1682587007014452,161.2616292088589,0.25600929713038684,true,35.7226,722.014,11.7737
90,0.05,50.0,1.0,0.2216681653903242,0.13114122502399975,26.393237062661914,0.1564964596550116,265.50026927243465,0.5134295679976522,true,34.514,689.059,12.3036
90,0.05,50.0,1.0,0.26203562414565734,0.21850176951663378,0.5181934139028223,0.14086288087210042,334.87588247305297,0.9488283854686865,true,47.7,975.599,27.0984
90,0.05,50.0,1.0,28.43143468560836,0.36135587526818563,1.3434434880183361,0.4007387285783965,165.66593260346076,0.35217699873262587,true,9.3277,146.576,3.7809
90,0.05,50.0,1.0,0.358150765676174,0.367832640213812,0.7962067494335354,0.11679649176806803,109.48904711105747,0.10691899243810185,true,11.9882,204.104,5.00927
90,0.05,50.0,1.0,0.728038016889747,0.18306857101343751,13.422862942627049,0.08153542446222437,190.4704495541626,3.335263823849315,true,37.1854,744.369,17.6337
90,0.05,50.0,1.0,0.0446938418046855,0.3502020721686511,0.22109848915177402,0.6099569450411156,74.55980703873834,0.4534766316865648,true,11.1761,184.069,8.4743
90,0.05,50.0,1.0,0.2241174683730335,0.2014430194400315,0.661120343294292,0.4486848664484012,201.80364695617334,0.44376013763163596,true,22.2719,420.027,8.84684
90,0.05,50.0,1.0,1.5797561631828272,0.17408199439071317,0.14721099196776352,0.31908029575517427,303.69130297899227,0.2284214018820637,true,36.1264,721.185,10.823
90,0.05,50.0,1.0,0.46658627039267875,0.4988721212200088,1.328465463643481,0.08033087278074928,194.13130748682008,1.3093383995437555,true,11.1506,184.595,4.00547
90,0.05,50.0,1.0,0.6744477245913897,0.25243290005958463,0.037621913868346325,0.9227064010946822,444.1537737034981,0.20596320256516745,true,63.709,1290.64,57.944
90,0.05,50.0,1.0,8.241020244724385,0.1610242442999561,0.6765027271456132,0.8539502006598212,107.09586096632142,0.2737486454893375,true,12.4744,209.393,3.81703
90,0.05,50.0,1.0,0.5991619133200801,0.22067602605607958,5.033433379999317,0.27634507062534003,336.4439883867632,2.0163712743366076,true,36.2122,723.968,9.55645
90,0.05,50.0,1.0,148.3684058382007,0.28392930110076076,0.7180828208733524,0.33606942161179665,558.3059885569074,0.19988333112027148,true,14.6287,261.077,7.74682
90,0.05,50.0,1.0,1.87642989133092,0.25540757257077445,3.010017888130465,0.3809822826590269,100.0324998876165,1.3291832576955755,true,13.7346,239.767,8.72769
90,0.05,50.0,1.0,0.37237089798859896,0.1727832663514565,0.16883982485988844,0.26863753942000074,348.47969472947824,0.30412419920955297,true,36.1303,722.729,13.7444
90,0.05,50.0,1.0,0.6956205204887074,0.29376310511731,2.753418890417781,0.9554409395388618,43.95675727820247,12.416297811339737,true,8.40918,123.025,5.37802
90,0.05,50.0,1.0,0.6144456099971461,0.35277542392545685,8.979880713418307,0.21662676548548962,192.4815795577341,0.12592758082864888,true,24.9084,466.144,23.5684
90,0.05,50.0,1.0,1.5067178709806526,0.20838967024226632,0.7829664001762605,0.19476672775265572,238.04723179730198,8.141507796667447,true,36.7228,730.23,16.1835
90,0.05,50.0,1.0,1.8654043065768011,0.3655085730352788,0.38544569655228383,0.55037044540449,58.8599696447368,0.3127477280179512,true,7.57296,108.234,4.28758
90,0.05,50.0,1.0,1.061050632074118,0.30302058288962364,28.514757981627533,0.6723394445634706,312.28317952905473,0.9179392426673494,false,90.1797,1873.16,54.6493
90,0.05,50.0,1.0,0.300786480672455,0.23419772119213347,0.4642340141738082,0.5056893418980489,65.22948110985533,2.8647107510610335,true,11.0692,179.993,8.94637
90,0.05,50.0,1.0,1.8174597076097643,0.14707227834883346,2.6860838130561797,0.34705597253084375,12.176541482754489,0.41495343806827695,true,9.25139,141.85,7.80528
90,0.05,50.0,1.0,0.1627738002159721,0.1857440249866611,1.8595031032601903,0.23808016254180847,194.50692263291313,0.1304339408131355,true,19.489,364.125,14.1714
90,0.05,50.0,1.0,0.9614566487224293,0.21269635431507328,0.1583929187209812,0.5327902251689413,151.0148057716755,0.6456189630798428,true,14.9071,262.169,11.4358
90,0.05,50.0,1.0,0.1359822891674779,0.06932453565358518,9.329287687286806,0.28970310045876796,1481.4492075496983,0.1328028576992681,false,90.1001,1852.74,15.6127
90,0.05,50.0,1.0,2.428242755010999,0.13835638629783303,9.899462986641714,1.5931333142611692,114.77915446030951,2.264591166842318,true,38.7789,724.758,14.994
90,0.05,50.0,1.0,0.21979420023215107,0.2406014649841135,0.49910120505711997,0.6869860117867976,87.49844056282456,1.0221196098879282,true,8.3014,121.58,4.12552
90,0.05,50.0,1.0,1.5701601658691582,0.32694189425546755,0.37413131657234705,0.28127377011528026,152.90495687389125,0.3386739181165904,true,16.3555,298.016,12.4709
90,0.05,50.0,1.0,4.09065822636448,0.43550886738859884,8.994546573669714,0.5394762499722423,127.06807959582781,0.17899032092997158,true,14.0064,247.387,8.0128
90,0.05,50.0,1.0,0.01175835240993274,0.16505954001973375,0.6784791398405747,0.24624134043127965,73.31322808944178,0.04591340351398507,true,10.4185,167.934,4.6906
90,0.05,50.0,1.0,1.6756779136733457,0.3323359734828913,3.721866627133226,1.1107056620349696,569.7716238967377,0.097641547235188,false,90.0441,1861.47,31.6014
90,0.05,50.0,1.0,2.735613456462106,0.4928674587507947,4.954259186765307,0.6813135232070044,151.71469104013852,0.23318052972132636,true,30.0197,591.573,17.2436
90,0.05,50.0,1.0,14.137366284250593,0.21117235810924212,10.177717418449028,0.26141168974071005,115.55506271536026,0.050626045030354394,true,15.3432,275.888,13.847
90,0.05,50.0,1.0,3.0793543391426113,0.19205205910965487,3.311818391925366,0.155487975874129,34.25391681031146,0.28975915054031776,true,8.32436,124.69,5.8345
90,0.05,50.0,1.0,0.2657007577107932,0.18275170636016577,4.322575991474475,0.4571973780448273,65.09797108793173,3.566206957453017,true,8.79972,131.701,8.58902
90,0.05,50.0,1.0,0.31198635429866317,0.360241642122935,0.7282233807724421,0.35923010599165045,366.06856522882737,0.3861204612662383,true,48.565,992.34,27.4257
90,0.05,50.0,1.0,0.2477352489477487,0.17585419413581097,3.470480850903195,0.32476499645228546,1065.4636085534828,0.15686902105420503,false,90.0521,1881.59,25.3779
90,0.05,50.0,1.0,1.2200882528598183,0.10112135749722495,0.4827174968739393,0.25028092586107115,107.34578933495179,0.11839084200334006,true,14.6097,257.816,4.47897
90,0.05,50.0,1.0,2.510311040443973,0.48603641826326477,1.0062659476584306,0.40351288631146176,279.94044695533523,0.07133035111424335,true,32.5305,650.115,11.3196
90,0.05,50.0,1.0,1.758410282668264,0.21486457785013588,3.4243386956731356,0.46982491328720355,275.2812044784243,1.0381517996897418,true,46.0979,929.83,21.9388
90,0.05,50.0,1.0,0.05114011065624939,0.42015432734688024,18.242027398065282,0.501456053205824,125.44806534656895,0.19247284221683336,true,21.0326,398.074,14.6873
90,0.05,50.0,1.0,0.2276788890793786,0.3030667353454808,1.3287791696860496,0.570901809520334,50.38432643168267,4.616739042808545,true,10.4866,168.029,9.04588
90,0.05,50.0,1.0,0.15808980369237066,0.2980540075738672,18.372881759676286,0.30611552992553615,73.59722195312456,0.3707949319592132,true,17.9707,332.311,17.7544
90,0.05,50.0,1.0,0.07778862584880931,0.7259973191168797,1.152787048596155,0.49409388803222354,262.72130296390395,0.9523932000922054,true,42.9348,874.431,16.7655
90,0.05,50.0,1.0,0.1925046914048586,0.41683493671088034,1.0391347160066504,0.8980768552346651,696.9452377308245,2.037474733304799,false,90.1008,1872.27,42.0633
90,0.05,50.0,1.0,0.21571530372164344,0.3841784970928775,1.5458921287234473,0.3639890002577784,536.473372704423,0.26031552451740986,false,90.0183,1890.24,69.2034
90,0.05,50.0,1.0,0.4893238938974365,0.1774797129020561,3.0491884672877654,0.2953028337338105,243.9629345945714,0.14147216422831135,true,34.4184,686.17,9.65139
90,0.05,50.0,1.0,0.04957724362464073,0.20466402861156274,13.308387359487913,0.08676673146249375,451.3196199969648,4.34381789400212,true,36.2222,725.973,10.72
90,0.05,50.0,1.0,0.7319884569506104,0.16692947133263306,1.3236101775807112,0.31272072946675483,454.8598254139377,0.1369232253176071,true,36.2595,724.451,16.2095
90,0.05,50.0,1.0,1.236427015320407,0.38875215129879553,2.664119079331993,0.39492762893817,205.04827106826764,0.6669504391898539,true,34.3122,686.45,8.42463
90,0.05,50.0,1.0,1.3014965072575455,0.18328508148455291,2.430497358629587,0.5318588996632171,207.65100193431013,1.7411533783944417,true,40.8518,812.454,17.4024
90,0.05,50.0,1.0,0.2905544203894141,0.3923864636422439,24.60837225675144,0.29178571964210953,527.9043375060523,0.1455398852569774,true,43.7235,891.816,29.0355
90,0.05,50.0,1.0,2.2088805124648583,0.29985627231310347,44.7541107736541,0.5042813983006136,475.3974575887952,0.45180702978142684,false,90.131,1884.47,22.4375
90,0.05,50.0,1.0,0.025221560420457378,0.2678494059270761,85.46772443412836,0.23843260862455018,333.8751074605803,0.24906250187091739,false,90.1041,1896.62,24.8289
90,0.05,50.0,1.0,0.839473129788156,0.22238951159897286,0.8007972396016896,0.4775100461195737,362.1255303119954,0.06651523403378758,true,73.8326,1526.34,42.9522
90,0.05,50.0,1.0,2.9402025839382104,0.27102327430813455,0.8491895589933307,0.27039140271642803,571.9563335660889,1.1573005553674456,false,90.084,1886.44,64.13
90,0.05,50.0,1.0,0.3509041774386379,0.4024930494971876,6.575591211087411,0.29312040664206734,609.5417767419729,0.47902985923742863,true,36.0974,727.232,15.8662
90,0.05,50.0,1.0,0.2224374519885211,0.25652437382396814,0.6085778534378138,0.5699226149111415,320.76996959810197,0.34282284273972663,true,51.287,1042.02,22.4848
90,0.05,50.0,1.0,0.0128457128891466,0.2361511097613937,2.728427775289678,0.9697935085426672,160.16563110931182,0.011793929570665471,true,25.7664,489.699,11.2421
90,0.05,50.0,1.0,0.37785597260412185,0.43618584522045645,6.865773881126422,0.23269628260177072,349.1239573958886,0.3800660109207179,true,41.0693,834.505,23.4275
90,0.05,50.0,1.0,0.6787793539872805,0.4260515421859559,2.1163156427634466,0.6645542547411071,365.65257993673526,0.22913344902131325,true,43.8765,888.854,26.4885
90,0.05,50.0,1.0,1.1293983401759395,0.49696073410312575,4.577461261405217,0.38565994062532905,147.1466704664381,1.0004232034557585,true,10.4811,169.9,6.39232
90,0.05,50.0,1.0,0.16807093920488025,0.38711366382689777,9.64102094253856,0.655739736692777,213.6335567941662,0.33916637450879006,true,12.6746,206.493,9.40456
90,0.05,50.0,1.0,0.07669556788153899,0.26208688330299135,0.7695741141252923,0.2911047910704355,228.08756011153412,0.04297640251082691,true,10.1761,164.009,5.06053
90,0.05,50.0,1.0,0.12930693639128757,0.22512051630627783,1.463960790133394,0.2271940418304003,1230.9512514332448,1.173784712418888,false,90.0718,1889.18,18.7141
90,0.05,50.0,1.0,0.362064155283951,0.3510934824704632,1.5554978230595746,0.30091716172982114,641.6746544728571,0.08802389939220213,true,83.7692,1753.45,99.3136
90,0.05,50.0,1.0,3.666549523280053,0.1379856318654687,7.826202409829891,0.24748006702031974,314.9358065173314,0.3322398763128869,true,41.7796,842.366,22.4882
90,0.05,50.0,1.0,0.0729650062582483,0.22176861186931254,105.83968441521088,0.20912433086747084,446.955609678772,0.6074082044496598,false,90.1292,1893.13,19.2834
90,0.05,50.0,1.0,1.0119002842708407,0.2469754872538594,0.3819946283185013,0.5703519595589651,384.410644467713,0.08736518584937211,true,36.3476,724.321,13.8112
90,0.05,50.0,1.0,0.4242450361738012,0.15574963393384034,0.7126488203401055,0.6426587212157138,1455.6736841980571,3.119691539583768,false,90.1215,1844.82,15.9118
90,0.05,50.0,1.0,0.016423057577303654,0.3639900276276026,0.8182095357924031,0.24169889168768213,543.2766554808488,1.4992663520695229,true,49.53,1015.17,31.8977
90,0.05,50.0,1.0,0.0767928276765468,0.28119439456951567,11.778486726061189,0.29950382865375463,684.7177390608446,0.40126621174275723,false,90.1014,1892.56,40.6003
90,0.05,50.0,1.0,6.44389256712405,0.4268076789545759,3.524508475482073,0.26989227299026086,310.26737502019984,0.33770508620150363,true,39.3607,797.8,14.3585
90,0.05,50.0,1.0,5.463391721483093,0.43133099741108283,2.113202591027961,0.4354666198423946,203.16393824737574,1.0344601820626498,true,26.1014,504.036,13.4878
90,0.05,50.0,1.0,1.7265661269841026,0.21758276980594088,4.516030099852923,0.876472004268381,269.8771684639694,0.3311849066965029,true,60.903,1229.03,39.1297
90,0.05,50.0,1.0,6.510630880921092,0.2612707736687682,4.799063565495641,0.2240656639129829,250.7457702548919,0.19766469570012854,true,21.382,407.096,12.9192
90,0.05,50.0,1.0,0.08963519852890733,0.17954494384159392,1.8082915598066283,0.6308527948848388,154.13242669865593,0.9811735473703209,true,12.7891,214.367,5.62371
90,0.05,50.0,1.0,0.0208000734956589,0.5877279314398811,1.2856102668844205,0.34867403878142844,458.98245071709584,0.08797527115521414,true,35.1846,709.437,12.562
90,0.05,50.0,1.0,0.7310293746626254,0.3653814628700546,13.861257380675289,0.1372640639969531,394.29458789406107,1.300810400802029,true,49.637,1018.67,39.8764
90,0.05,50.0,1.0,0.1879625897524508,0.37846399390515,0.34823951601490777,0.455616570506155,759.4135586888341,1.202747179680237,true,88.2205,1845.09,61.0454
90,0.05,50.0,1.0,1.6464408478544268,0.21039982530115797,3.1775179223164893,0.1737543781281046,620.5099528987138,1.264512220938072,true,88.2834,1849.44,65.6984
90,0.05,50.0,1.0,3.1309538019284284,0.4972581933577536,1.0807177761555116,0.4637045785641418,162.56196835730748,3.190737614787236,true,14.2552,250.582,7.51396
90,0.05,50.0,1.0,0.09976856452306689,0.3151051546039787,3.544090256545581,1.4648198096815912,359.2814971501395,0.7390242724498642,true,52.8629,1055.27,34.9863
90,0.05,50.0,1.0,3.164799585777311,0.226413829114445,1.5075382174774137,0.4076422865627612,263.5105107095412,0.20663377200675184,true,29.3198,575.664,9.05785
90,0.05,50.0,1.0,0.38490554757528694,0.3357817816888425,0.0594482145842042,0.32023395161245327,687.86424252424,0.05256185841020998,true,60.6904,1253.97,53.4136
90,0.05,50.0,1.0,0.2178451699336439,0.34823062489006634,0.2746851512883695,0.3750670031655676,202.05802400797361,0.0596189950631301,true,15.3203,274.724,11.6949
90,0.05,50.0,1.0,3.428932968733459,0.30134437115953766,2.4257193732312965,0.36154735969276786,458.59685057167496,0.2691892647693747,true,72.7868,1512.68,65.448
90,0.05,50.0,1.0,2.8576440829602343,0.4976143107343752,1.9124488137722198,0.732650176432615,385.2559154237056,0.3214671968744777,true,36.3985,729.193,17.5597
90,0.05,50.0,1.0,0.615759182373912,0.9221817608324108,1.0209987437143626,0.17614390288256077,387.7508223804297,0.6850583283288532,true,33.8905,682.595,20.3871
90,0.05,50.0,1.0,0.2575829392465574,0.20660703093152255,8.213700629043181,0.15230255641758986,147.99840284811398,0.32915392626658324,true,20.3878,384.349,11.3351
90,0.05,50.0,1.0,0.4019278939103083,0.2149546274993003,13.17057895911785,0.1671062646628243,451.74830872617963,0.18559604983954706,true,36.4476,735.237,16.473
90,0.05,50.0,1.0,0.40429801888605604,0.20177301279106485,2.815213285767213,0.16731465369221962,228.77566587126827,0.06479009730959374,true,34.8305,699.025,14.3341
90,0.05,50.0,1.0,0.42511104546079054,0.2924266957588951,17.661431023763303,0.25012968380434575,485.0604989866369,0.784185822783241,false,90.1092,1892.02,61.6391
90,0.05,50.0,1.0,1.198977550232005,0.4279501799485801,0.7969320863087128,0.4113444147533562,240.79692278823103,0.036888462064254016,true,23.6254,451.252,13.1305
90,0.05,50.0,1.0,0.1345379337902615,0.40333810247164775,2.749420750242602,0.5841047214433516,494.74528215375784,0.7925786826871676,true,36.2184,725.569,11.6425
90,0.05,50.0,1.0,0.5552598705610037,0.3877586039877794,1.7062536410225444,0.4948112209906189,523.4230784100093,0.1677282042449122,true,34.5718,691.46,9.61936
90,0.05,50.0,1.0,42.769964040892454,0.27005593402490385,6.610311039354166,0.5250461367632941,385.8139418603151,0.05907103359628845,true,18.35,337.64,6.90144
90,0.05,50.0,1.0,0.4208587596537377,0.2433810861029768,0.8547622801309516,0.24687225380083938,448.5158331610514,0.641035704473061,true,19.1947,358.046,15.4348
90,0.05,50.0,1.0,0.7329140160957108,0.21204169513992419,1.5410312476258894,0.815354793840055,515.5027063122246,2.8222357100089512,true,44.8992,891.051,25.3936
90,0.05,50.0,1.0,0.017277770760325807,0.26852082701316454,0.1916968581518105,0.5451205103026782,459.27812138262624,0.9451650574008342,true,28.5501,554.713,16.1305
90,0.05,50.0,1.0,0.9661509403723751,0.250097033582732,30.30557509537826,0.21983318577047622,355.4186152633454,0.02716682699502249,true,29.9436,593.465,18.8429
90,0.05,50.0,1.0,0.1665393655492322,0.19528067360906481,1.0058722963307511,0.17809849164479538,686.6057350045886,0.09371211908915256,true,28.5779,563.073,16.4202
90,0.05,50.0,1.0,0.509859451040962,0.2953964880890285,2.044214192904893,0.6918501059929689,166.5011601796047,0.6128241913170094,true,8.60156,128.549,4.99665
90,0.05,50.0,1.0,0.03851858389007117,0.36350902821903536,0.9115301631488875,0.3353484086243829,422.47948826264536,0.1219020171673548,true,8.76876,133.52,4.15645
90,0.05,50.0,1.0,0.43094221109392916,0.31372867016565226,0.37299612558341344,0.3367261179434137,207.23834160231686,0.3583514114670433,true,8.67628,131.411,6.11523
90,0.05,50.0,1.0,10.231485984941532,0.17694040677422762,0.390137282642285,0.25713850146230294,210.84574675929318,0.9092153419749719,true,10.7536,175.685,4.10567
90,0.05,50.0,1.0,0.005550881693503578,0.3837217028044787,0.6779420399305666,0.2244806970757913,283.708822361332,0.11244564939308362,true,12.321,210.879,9.07216
90,0.05,50.0,1.0,2.6141403783072708,0.261885362932711,1.5851762745810978,0.5423384723720717,230.21150821276026,1.9788462130415099,true,12.077,203.318,5.20075
90,0.05,50.0,1.0,0.11733519462591681,0.31160335720439114,15.750797862883955,0.4129305644434256,227.56458214438828,0.5177835800099192,true,10.3342,167.194,6.5299
90,0.05,50.0,1.0,3.626555555322953,0.25029099965735374,4.376587041061346,0.437510545775177,700.1671636651715,1.197251021549694,true,42.3798,852.066,24.5401
90,0.05,50.0,1.0,0.044862425825587186,0.2758514822575775,1.9946840326145439,0.2592912132757819,228.90615101895548,0.13031814709463047,true,8.23333,121.68,12.1284
90,0.05,50.0,1.0,0.17335996826982647,0.14239322153506556,0.23351780760405638,0.1577177945290012,421.6011309072272,0.885551079373038,true,36.2585,725.947,11.1741
90,0.05,50.0,1.0,7.882207669144848,0.35628756842289655,1.006962268936341,0.3482420445062007,323.1477951749083,0.03249827148797513,true,36.0083,725.075,13.8971
90,0.05,50.0,1.0,1.4286988265952358,0.22802605033141596,11.345800530694204,0.24312252323167274,270.0941823168901,0.12097331182848885,true,45.6749,931.561,26.4755
90,0.05,50.0,1.0,11.187228174177683,0.25374474149299664,1.209543165907344,0.2386910830979626,303.2491328081689,2.094679656661684,true,50.7147,1036.02,33.9488
90,0.05,50.0,1.0,0.8739843186445759,0.14833299913171,0.5273631589090978,0.21359122224017607,292.3799696953195,1.384334311072531,true,39.7966,797.645,17.4987
90,0.05,50.0,1.0,0.04309347895522018,0.393344636331812,1.579350438948548,0.15305893057777828,309.113469656338,1.3298305760713913,true,33.0013,660.667,12.9608
90,0.05,50.0,1.0,0.14366421553206582,0.6162617539035041,0.5141742650572786,0.20273279673738953,871.5209617471802,2.600527430158609,false,90.0877,1897.59,55.5031
90,0.05,50.0,1.0,1.0898421167056576,0.5385688395240223,9.346668065611487,0.6046918802149169,666.6013639618352,3.0790034814932987,false,90.1352,1886.23,45.0425
90,0.05,50.0,1.0,0.9263531041801066,0.6771121770079613,0.9124891990916935,0.5706501633580384,620.2411102864592,1.0848833274765999,true,65.3561,1354.76,60.8575
90,0.05,50.0,1.0,1.3155172210960862,0.46464055538541416,26.269417939267896,0.6314903471760975,119.47899918852487,0.38913791236805423,true,29.7032,585.477,14.784
90,0.05,50.0,1.0,1.1280411459209319,0.2871452522922007,0.826218924021366,0.25976276006211796,292.1354224795334,3.9460547920494684,true,29.8562,588.147,11.9298
90,0.05,50.0,1.0,1.0979324569862932,0.23154265797931242,28.24676079440318,0.42063579660041,113.2165622155452,2.536503449979493,true,30.6633,600.843,13.4307
90,0.05,50.0,1.0,0.17421670035380596,0.4774061810759464,0.9633492873191171,0.1646481253419257,352.6185486464453,1.2066106326764436,true,35.789,722.055,13.6131
90,0.05,50.0,1.0,0.9418991332860107,0.2590712489648388,3.18801875844766,0.49169201488566106,2226.8534608205373,0.5884512025229818,false,90.1031,1879.69,15.7563
90,0.05,50.0,1.0,5.31629094760374,0.21394176627815858,0.4262916941871108,0.40434632135507215,461.4554994244969,1.5601385319715209,true,54.2398,1103.26,48.0238
90,0.05,50.0,1.0,0.49054637151839076,0.15172554314861658,0.3542781623457087,0.3383187264192119,294.2571593250133,0.22936037886635363,true,19.0841,353.844,6.80557
90,0.05,50.0,1.0,0.19339015877375273,0.4123570136507883,7.38469246311294,0.29568701663681607,776.7055133919915,0.2274764116959132,false,90.068,1899.32,37.4214
90,0.05,50.0,1.0,0.2591014185919628,0.4494983067244633,0.7039815018826618,0.4836432157772838,715.3400927908572,0.2439198680511011,false,90.1147,1892.94,55.5515
90,0.05,50.0,1.0,0.02682362906777361,0.31393776044387345,1.563498938873753,0.303570823019491,528.7610062855576,0.24700274396302344,true,48.278,987.763,33.9775
90,0.05,50.0,1.0,9.83546999647393,0.15363169414988867,10.079809304529988,0.5174566860729884,309.4915817942715,0.24218996314643448,false,90.1166,1861.1,29.273
90,0.05,50.0,1.0,0.5809981523821075,0.4348230028087319,4.020898010690214,0.4477820580360499,620.330324402859,0.36515811091382666,true,83.7603,1752.63,72.7911
90,0.05,50.0,1.0,0.7046573773950673,0.3042397799671583,7.715637047214051,0.44063525101357937,323.6355598219835,2.224824815043235,true,29.705,583.576,10.0307
90,0.05,50.0,1.0,1.9778735358523167,0.20991287317782814,2.328658983986574,0.453838212598451,354.1907833748653,1.1684899085857872,true,36.3916,723.861,15.3803
90,0.05,50.0,1.0,0.6768887684592163,0.4965730164800349,0.3455358516864129,0.5978267246360649,535.7429224394307,0.0588911213912454,true,43.2103,877.871,26.6927
90,0.05,50.0,1.0,0.17587521752704116,0.37569975445325615,0.7016800400315453,0.33790905212374567,778.4702985485644,1.6479860274959581,false,90.0196,1886.43,60.2768
90,0.05,50.0,1.0,0.03181091760837572,0.29369073357231784,2.6804588529456725,0.7176754181385294,409.6374840723172,0.8434505252796036,false,90.0809,1869.1,40.2661
90,0.05,50.0,1.0,10.248181840246744,0.23381097537488468,8.064434015006123,0.3465691020058189,287.13907930904304,0.17112862814117014,true,34.6543,691.584,13.3746
90,0.05,50.0,1.0,1.897113305789869,0.4491678416697302,1.4671081773605512,0.3788075634052688,1340.3422353290464,0.18718902664060144,false,90.0362,1897.64,17.9236
90,0.05,50.0,1.0,0.11291410283035237,0.290743737884253,1.5916057236323597,0.2231033189076449,440.3826205450556,0.07724136329892277,true,36.0128,726.637,12.927
90,0.05,50.0,1.0,16.225020290124803,0.33438493838916183,1.4455860085423384,0.3200657014917994,260.88812861220373,0.693745032205455,true,26.9922,521.921,23.8896
90,0.05,50.0,1.0,2.260380716689282,0.22607880597758317,2.4812692966475,0.47169023475998184,1525.5020210049888,0.23718731373287014,false,90.035,1877.98,16.5054
90,0.05,50.0,1.0,0.38921750447386416,0.4052571948131541,6.795557589122956,0.5046340121120544,163.88288675523768,0.29791850013348053,true,29.4441,579.992,12.9384
90,0.05,50.0,1.0,2.1217123735610715,0.23142916889545362,2.02784958842225,0.5769506060653689,262.98597165001615,0.38903131478092806,true,27.4749,530.785,16.3984
90,0.05,50.0,1.0,0.8188398253338485,0.33575573367315903,3.0413235510822663,0.1993276134153431,153.22018825739028,0.720448909158437,true,11.6291,195.659,9.37353
90,0.05,50.0,1.0,1.95141520963613,0.41316099999054345,0.7182204940398637,0.4003457385959504,628.5406172032865,2.1399475195407347,false,90.1658,1889.5,40.482
90,0.05,50.0,1.0,0.14539974709616355,0.31994282597237506,2.207278384916229,0.49087707411849885,473.75137871524504,0.9693502182244473,true,58.8306,1208.16,35.8127
90,0.05,50.0,1.0,0.15485908422332814,0.30880636497652897,46.15139605627263,0.36325656430677467,101.00226988291202,0.26028367751424114,true,39.4454,795.29,24.1018
90,0.05,50.0,1.0,0.29669994314516057,0.12947446607464064,0.03950214172441845,0.305525977239076,322.96949733454016,0.2324878491603963,true,56.3448,1148.17,25.0205
90,0.05,50.0,1.0,0.05646857575990234,0.2787379164661551,1.2594403517797945,0.34176658608827826,415.3117390595364,1.4317019994186668,true,39.9897,804.23,27.8895
90,0.05,50.0,1.0,0.289205669665839,0.16871021893546234,0.29176823773825333,0.2986804573428884,1171.0110857167672,0.6916637289577018,false,90.0182,1877.64,33.6455
90,0.05,50.0,1.0,0.5661878412568709,0.10373539753978356,10.61228199055501,0.6343575762677973,396.05561587254886,0.7731664158021865,false,90.0815,1823.78,35.8066
90,0.05,50.0,1.0,1.00264465044663,0.4990195331702228,8.397973805570293,0.2794412029957175,332.60773661045107,0.27076107140823713,true,26.9179,513.364,14.6955
90,0.05,50.0,1.0,0.8300361607296722,0.18309769328760625,1.8547292984450165,0.33594290587991266,544.9835037288709,2.66733131546247,true,43.9226,882.516,27.4081
90,0.05,50.0,1.0,0.3845383602303859,0.4475079289668334,2.1701648962447146,0.19684583293501648,744.4554756434234,0.3116489057528986,false,90.1542,1906.62,52.5232
90,0.05,50.0,1.0,0.09883379693463051,0.19060925865609543,80.04173572221264,0.1371688697901285,681.2007118263679,0.2366206672178023,false,90.1435,1900.29,19.0742
90,0.05,50.0,1.0,0.14604164267875797,0.5331297532208522,25.908329540994576,0.3205856819461935,489.45309687285186,5.072093315586397,false,90.1139,1890.33,46.7772
90,0.05,50.0,1.0,6.755503415857898,0.24412165765058227,0.5391776255408162,0.4587995402282253,280.97954644400465,0.06561507783040568,true,35.8352,714.929,15.6135
90,0.05,50.0,1.0,0.9473819957565907,0.1840610194052416,722.3285679252257,0.5652125279293411,857.7334655731494,0.27007021712688484,false,90.0458,1860.46,17.1388
90,0.05,50.0,1.0,3.567378816040997,0.18572175011100886,10.62638385779136,0.39900612607167046,399.6308455683552,0.43527425018134924,true,36.4188,725.909,15.0639
90,0.05,50.0,1.0,0.1414943042894598,0.41339009859419734,3.781288958784796,0.409979333263839,631.2364430515383,1.6250784023768623,true,53.0987,1087.39,47.0917
90,0.05,50.0,1.0,0.7799351849759915,0.35846899107784136,0.07121026657148946,0.26304910737805653,590.3256028975616,0.5719384476934547,false,90.0379,1895.33,43.3127
90,0.05,50.0,1.0,1.0566350760532919,0.19954877380942845,9.931031070534804,0.3575108742708185,893.6060596997779,0.36634378293744724,false,90.1163,1882,26.623
90,0.05,50.0,1.0,7.694079931039611,0.34227666438176313,0.6475674229904921,0.23208349373016418,575.3384333098915,0.9378506684448262,false,90.1449,1892.19,75.2619
90,0.05,50.0,1.0,0.029058194315908774,0.40054886095180037,0.7677238561404013,0.4364689893607858,770.465157395328,0.36926010321870595,false,90.0138,1890.45,37.6022
90,0.05,50.0,1.0,0.045031551999718,0.4243530061033582,20.72455779147049,0.3793139760039757,544.1512796074716,0.6198374598777834,true,43.2031,879.689,22.5657
90,0.05,50.0,1.0,0.04914733879664617,0.18540376968463526,0.1722102393220956,0.498357724588575,155.0865238376767,5.7162560140270235,true,14.7791,226.054,6.56023
90,0.05,50.0,1.0,0.4821397705221417,0.2577437233558939,26.666348952852072,0.30955741934506287,329.82158451245607,0.32419216269299,true,41.7082,845.383,24.9652
90,0.05,50.0,1.0,2.400095288421012,0.3237171898715515,1.230546319631424,0.3096656703093207,125.8089763952586,0.2603051433308212,true,12.3566,210.886,8.07269
90,0.05,50.0,1.0,0.12209456886733655,0.34044254969927373,40.647918003379395,0.32469161089431464,310.39162625182394,0.738297958785381,true,50.2317,1028.86,46.3413
90,0.05,50.0,1.0,0.46118061670318933,0.41946970858258037,0.657595182781558,0.5454360280037975,1272.4061934818633,1.2211455456709488,false,90.1272,1887.75,24.0427
90,0.05,50.0,1.0,0.007743497836217147,0.28203840757334925,3.0090608456556707,0.29209041548786446,1360.7657853025328,0.5209024060032003,false,90.1566,1894.26,19.6287
90,0.05,50.0,1.0,0.10458549760568235,0.31961503377179123,81.72223103900357,0.26484307947424873,753.0023367511131,0.28076020921514505,false,90.1515,1899.8,19.9779
90,0.05,50.0,1.0,3.529120449588688,0.5661959073214553,1.8417712118773089,0.32099922962601213,751.5714418147992,0.18791695265853672,false,90.1463,1904.85,35.7836
90,0.05,50.0,1.0,0.37270076083527487,0.33930825681132165,14.10825763272892,0.37459565412877166,789.074521714348,0.07758927430577625,false,90.0357,1894.04,32.1723
90,0.05,50.0,1.0,0.07000935163201728,0.2970682488173418,1.1422571505914676,0.6356094335320538,623.1606277479665,0.11518721991609884,true,49.4026,1003.17,31.2716
90,0.05,50.0,1.0,0.0006284076539162132,0.30529452582185795,40.6519371406437,0.14554222231133057,588.40294520775,3.280653533382573,false,90.04,1891.09,30.1551
90,0.05,50.0,1.0,0.18075346158636893,0.5040845117018303,1.3507058430406296,0.3180693484140311,370.15143688001945,0.6736735464004769,true,42.2179,859.915,22.4872
90,0.05,50.0,1.0,0.04166398821670284,0.571880211326043,2.596048643079249,0.37939422046981125,358.8698757538758,1.0023890526460515,true,43.6067,887.247,29.8556
90,0.05,50.0,1.0,0.21208673412419832,0.2587587065011138,15.9485429546363,0.3636707088147942,756.03686920271,0.5720180852786448,false,90.156,1887.81,43.3857
90,0.05,50.0,1.0,0.2195125782461348,0.3660427961423079,15.770414769131213,0.41373854257052184,348.75482663122,1.1262903323490803,true,36.4083,730.521,13.3719
90,0.05,50.0,1.0,0.4971149111307801,0.3729366878459942,0.5855547353806411,0.1634263326625987,624.4112366106285,0.4968605774496443,true,46.7271,959.017,26.4967
90,0.05,50.0,1.0,0.07657486225766526,0.2203571837361359,0.0979652706462535,0.22219511218298935,159.27606888270915,2.609811999587889,true,16.6264,300.476,13.3601
90,0.05,50.0,1.0,1.1075148223962867,0.3948707681813988,1.7584564470893844,0.41358988664488305,1453.534597282854,0.4687132349939825,false,90.0721,1893.27,16.853
90,0.05,50.0,1.0,0.11918799150794043,0.1873606531998883,11.025611223683942,0.2902261835402894,204.9846906087203,0.9657848234893454,true,30.5171,600.386,13.7046
90,0.05,50.0,1.0,0.046800760174110785,0.3828448665951678,2.0576263967822244,0.39359387174437405,265.7313908456261,0.15417563886878577,true,14.5416,257.255,8.88805
90,0.05,50.0,1.0,2.857733828823964,0.3494539051363447,0.16403557320926113,0.30983305048228366,651.8980331822883,1.6792833505761708,true,83.0159,1736.21,53.1054
90,0.05,50.0,1.0,2.696491085700874,0.23851436640416257,0.45688654558943687,0.3682537142963847,1120.3324748824207,0.4346829173698387,false,90.0321,1883.89,22.0467
90,0.05,50.0,1.0,0.033424975432262846,0.3699688266813625,1.2990546445304691,0.42656964586520096,468.5986716389931,2.4110482674856133,true,36.4457,729.016,15.475
90,0.05,50.0,1.0,0.06067769546578965,0.21613681265585394,2.1686566024922875,0.45565758048847665,480.71145604008467,0.19400971765098274,true,36.2199,721.995,12.3657
90,0.05,50.0,1.0,4.189537502830335,0.28500187885320943,7.10074649160543,0.3562556284799172,1261.6455549920713,1.0915401276493495,false,90.0298,1885.47,16.6676
90,0.05,50.0,1.0,0.19658195612433474,0.1588679376022888,26.206916893406518,0.7117552601756347,623.565599351908,0.6990805289365831,false,90.1224,1846.81,26.7134
90,0.05,50.0,1.0,0.06774519351914927,0.26010886675177525,1.2344890901344623,0.29558495633024234,534.936238516472,0.14080691090887973,true,45.1385,919.276,26.5498
90,0.05,50.0,1.0,1.5920511673494417,0.4478278833619034,8.332978114738706,0.3121674803772216,845.9532353236388,2.9192677855941094,true,41.9288,849.005,24.7853
90,0.05,50.0,1.0,0.29950364335100305,0.4394267278085059,1.2904178284090635,0.3389515845141047,410.5840334977155,0.1678550971901957,false,90.1141,1898.83,40.5118
90,0.05,50.0,1.0,1.063330167534903,0.6190854279489908,0.7816442954612719,0.47136482051560596,784.3303891300297,1.5696637430473888,false,90.1522,1894.89,42.1278
90,0.05,50.0,1.0,0.07546551548801313,0.2182381882415187,50.2418457572874,0.357031121935742,705.5745848704248,0.18572719436773102,false,90.0411,1884.74,20.108
90,0.05,50.0,1.0,0.3322812504789637,0.31769037613379536,3.2081043521468366,0.2637310014323794,255.3984711855467,0.28474606262485574,true,32.3884,645.773,17.2482
90,0.05,50.0,1.0,0.3700943567527343,0.3126437955928544,1.1587449019802882,0.18148993000467603,739.0887943969502,0.17645608059267975,true,81.434,1708.69,74.4836
90,0.05,50.0,1.0,2.1005607338497403,0.6008207008141654,139.86939044879514,0.32111408791761076,1135.91027072344,0.4357332518164823,false,90.1089,1904.46,17.9889
90,0.05,50.0,1.0,0.040198985307737765,0.6632647499297483,5.904012655161326,0.31590166942141706,1019.671903495335,4.560148473038818,false,90.0669,1893.99,32.2217
90,0.05,50.0,1.0,0.1441455515427572,0.2229730839719272,2.3762497785301204,0.5839205736590972,356.03839752274234,1.9243530413403058,true,56.9666,1154.57,37.0349
90,0.05,50.0,1.0,5.790991909779764,0.40068826399585605,88.47727920938303,0.4650267270344728,1874.0474615764908,0.11549124666108278,false,90.0689,1894.09,17.0494
90,0.05,50.0,1.0,0.21763778611661375,0.30051207489553106,0.14303176415494676,0.34181819222006066,825.2281640999472,1.163388592140491,false,90.0741,1887.33,42.212
90,0.05,50.0,1.0,0.5839575377742293,0.35714199469199,23.465002295968137,0.37854650904244663,238.3620866589206,0.3094632701366877,true,34.0031,679.997,15.2898
90,0.05,50.0,1.0,0.06655912701728539,0.2663754138365699,13.13469577778069,0.6273032536857702,664.2672938672988,1.731323391759272,false,90.0482,1868.5,40.4346
90,0.05,50.0,1.0,0.7322486994684435,0.3078080808984435,0.991171994141852,0.36502090413036176,138.36619562210842,0.5961757571040162,true,14.9572,266.476,8.82459
90,0.05,50.0,1.0,1.8500479085244157,0.2629494919393962,5.720371141351865,0.4698666130097036,347.93644153546626,0.6530438939847196,true,35.6239,710.721,14.2503
90,0.05,50.0,1.0,0.37271567993626054,0.27044435569079034,5.942348635102424,0.4867249235066842,91.48282927057913,0.20975713111246905,true,13.5479,235.853,9.27056
90,0.05,50.0,1.0,0.16012462799738492,0.2832948562523002,0.3083380096453079,0.24825017610463448,491.6823478452784,0.15214638001319228,true,35.94,723.388,13.4616
90,0.05,50.0,1.0,0.038789312053715296,0.2711848610493534,8.105297085105407,0.20107003376873517,250.53504311686748,0.2610504066606953,true,27.6853,544.819,11.6125
90,0.05,50.0,1.0,8.601457268983493,0.3618302350046793,10.542125041779801,0.5090220510877492,466.7316355468605,0.4178990997551526,true,89.6521,1877.47,37.0237
90,0.05,50.0,1.0,1.8044204695218051,0.3068661494559495,10.567315551929758,0.29327700469195794,401.50724046173497,1.0886557907548433,true,36.3382,730.319,12.5545
90,0.05,50.0,1.0,1.1731869052721626,0.3159809082550527,3.026319226175969,0.3148375851758899,728.3361109822042,1.4819830659471975,false,90.0557,1888.29,37.8694
90,0.05,50.0,1.0,2.236360580428968,0.4353205330078497,3.6679406751362604,0.6125194569851821,524.654063681831,1.372465594704126,false,90.0783,1884.31,32.1573
90,0.05,50.0,1.0,0.22405769899389633,0.2879849820237919,19.407434275412932,0.4680903113026348,388.6812147005165,1.0345517086238125,true,88.4197,1842.78,56.1521
90,0.05,50.0,1.0,0.16460217298234203,0.1568019580613702,0.6596441588552537,0.5263870100892998,1558.3201738109228,0.15191836186820634,false,90.0254,1861.98,17.6869
90,0.05,50.0,1.0,0.8999081012576318,0.3655651859817115,3.509884118888895,0.2997430491157967,384.99710626343744,0.23347101807942505,true,30.0658,595.64,15.1343
90,0.05,50.0,1.0,0.574241885569053,0.28061269703434444,47.77849694836839,0.23432827423620067,351.4778965573551,1.3559196168913543,true,83.0039,1734.88,84.5839
90,0.05,50.0,1.0,1.9199688051142898,0.4317984257715,0.1759145507365372,0.4606266828195135,478.67142270885336,1.3768871081509286,true,51.7674,1059.05,39.6006
90,0.05,50.0,1.0,2.1548123776810026,0.3818933122600182,0.5732370844416041,0.39936035326014047,495.52468693441114,1.0411604316439338,true,66.9064,1385.41,57.0047
90,0.05,50.0,1.0,0.7829739683655484,0.3155389835293588,0.9914637732877039,0.14349942086719225,322.1295509706059,0.17368865960426091,true,32.7159,655.885,11.1574
90,0.05,50.0,1.0,1.5471685463793192,0.26703354324615586,1.053798764207078,0.47275853719876665,407.2181717258672,1.6057291454485634,true,78.7245,1629.99,36.4554
90,0.05,50.0,1.0,0.36780813010951663,0.15032956980018622,78.72871160603465,0.22651268238946667,650.5225712473377,0.20625058406457972,false,90.0757,1886.29,18.7607
90,0.05,50.0,1.0,1.0293477510618492,0.18596585357482082,0.10878573659632952,0.19342798707426861,478.03428223995974,4.428281141168619,true,36.4209,726.363,13.1916
90,0.05,50.0,1.0,0.5082495314189417,0.27183593561519764,3.5537404473823697,0.40827584319937266,244.3112550306295,0.6250573096432193,true,34.6323,689.905,14.8018
90,0.05,50.0,1.0,1.1183412079078205,0.30706481131605823,1.4667114771653067,0.2120241229600988,1147.3664541026028,0.05598575105685144,false,90.1114,1903.33,26.3214
90,0.05,50.0,1.0,0.4481126115702315,0.5688500930011643,4.843732614443998,0.38111658609784604,1662.9193709573387,0.253646939452348,false,90.1279,1903.02,17.9294
90,0.05,50.0,1.0,2.9595602751978722,0.17038684877112634,6.468977065568237,0.411530621289891,407.73242381895534,0.23260759771625109,true,79.3463,1635.82,71.4888
90,0.05,50.0,1.0,0.42055576241526,0.7872216366184629,22.210934737002397,0.2543503217012257,238.31796919299737,0.2853179040631312,true,35.3015,712.637,13.373
90,0.05,50.0,1.0,0.7795161206564775,0.32215045629753936,3.0300120609288057,0.513348156484582,809.3461050357581,0.30172970548407413,false,90.0543,1883.39,41.4427
90,0.05,50.0,1.0,0.3100206848755262,0.19709917993785328,3.7967156472156653,0.13368076230616738,275.87413403770523,3.986040671369068,true,34.8887,695.292,15.8225
90,0.05,50.0,1.0,0.824947030744406,0.45943589459719036,1.782067365209522,0.2988241200456106,155.51911503744665,0.07754907650750109,true,15.6908,284.811,7.33392
90,0.05,50.0,1.0,0.13756263575571318,0.44828773988406345,8.04610358290086,0.3087852563668616,374.0909236327,0.23074491402835998,true,34.5835,695,18.3588
90,0.05,50.0,1.0,0.2683561039794972,0.35395122863460265,4.217099062598918,0.4705712372878992,191.3494102229914,0.5193097378338238,true,25.4209,488.007,14.6675
90,0.05,50.0,1.0,0.027434160215807562,0.14784317758607668,7.306837221523036,0.17039463852482134,299.249851063694,0.13203082047606696,true,29.4731,582.478,7.29512
90,0.05,50.0,1.0,0.05543841707526615,0.1665363696576422,35.236781559372645,0.22452898515622935,361.7059234608323,0.7256265758866688,true,67.9218,1404.56,68.4405
90,0.05,50.0,1.0,0.048167536139427404,0.24213595568946222,68.65459498128176,0.36696233363335007,612.2913553230942,0.6908370679777002,false,90.0384,1883.35,19.2222
90,0.05,50.0,1.0,0.07641424482441614,0.5355853222025028,4.137903691679589,0.27335384243323796,426.82420265640906,0.7540589271714793,true,44.8759,916.406,32.7977
90,0.05,50.0,1.0,3.838277428972155,0.1311554773035236,44.08453987062646,0.23616992249416985,484.9578875309462,0.6929700009805093,false,90.0084,1877.23,26.8736
90,0.05,50.0,1.0,0.18847583945220492,0.3346116088846534,4.86415990497974,0.6041707325272497,2178.518575782064,0.1589504569579403,false,90.0495,1882.49,15.9232
90,0.05,50.0,1.0,0.5015096370310095,0.4573555865982901,2.8712391448666184,0.2846029019929997,1043.5043118679666,3.347214871838138,false,90.1662,1894.51,30.3237
90,0.05,50.0,1.0,0.3746349874711856,0.4015682864813346,5.329533811098942,0.21667552470482895,476.54628244708044,1.5639967073832575,true,35.9556,724.551,11.0751
90,0.05,50.0,1.0,0.1529228691465462,0.43024538421548825,30.7794349027604,0.37488932304057465,513.4782645843408,1.1362308198725308,false,90.0672,1892.81,36.5781
90,0.05,50.0,1.0,0.6266464457132201,0.24907224748744067,2.924364190870104,0.12145137534166463,1065.8716828802073,0.2131700762150803,false,90.038,1903.19,26.3192
90,0.05,50.0,1.0,0.2467348054639638,0.47456758067892046,9.261183452867536,0.42094605483827435,182.35169297684402,0.2526009089764534,true,27.2761,531.763,13.1195
90,0.05,50.0,1.0,0.03912106644343366,0.2181372750860665,3.8393575783789684,0.21952908231542712,780.688848278811,0.24232524020337284,false,90.057,1893.35,48.1365
90,0.05,50.0,1.0,0.06617885330648178,0.18771665150491626,0.2649184560320052,0.1892750409563031,508.44909499375524,0.5478045293743247,true,39.9735,807.266,20.9207
90,0.05,50.0,1.0,0.6970229495401523,0.30363780487539016,35.084323013513675,0.34778387009610967,847.6541540440109,0.462701243258254,false,90.1255,1892.27,24.0474
90,0.05,50.0,1.0,2.108820692020774,0.749012172027967,0.014174633980722013,0.33957807750271835,394.512070312965,0.16320716297417456,true,34.1737,688.56,11.7597
90,0.05,50.0,1.0,2.106919642475385,0.5450896485580634,7.423423890462571,0.29922360521853114,615.7102826114344,0.45985384892363224,true,45.0071,921.343,33.1842
90,0.05,50.0,1.0,0.15436831512440657,0.29628777580461085,1.9056120111803803,0.3959403059123911,391.72888432755576,0.12686174166726116,true,34.6431,692.309,15.0567
90,0.05,50.0,1.0,4.3206447512075306,0.30019057644531016,16.77463841612797,0.20210272664272627,616.7209489267339,0.1015134171919853,false,90.1291,1903.06,42.4644
90,0.05,50.0,1.0,1.5210836432688803,0.46522003441786425,10.173981734711454,0.10920289371994989,1283.1558382802086,0.16861981904512607,false,90.099,1911.61,17.9382
90,0.05,50.0,1.0,6.023079411849406,0.2221173913351549,7.060518742888473,0.39194026072005633,933.3381523834295,0.5199780103568751,false,90.1567,1883.65,24.9106
90,0.05,50.0,1.0,0.31581074038370244,0.20240180969724675,69.5790426492639,0.16265212402845394,671.8417730577845,0.2280374840121988,false,90.1097,1897.71,26.4493
90,0.05,50.0,1.0,0.11159467969460093,0.41781447681722633,0.7856640719316458,0.24563196949789964,806.6488078518224,0.17916522638371774,false,90.0011,1899.64,58.0867
90,0.05,50.0,1.0,0.7921543095682008,0.3110204873903896,8.364751247672581,0.2278377272254857,853.0597505798459,0.3577914477456261,false,90.0381,1896.54,47.8204
90,0.05,50.0,1.0,0.6316204279909222,0.4313167035762478,10.988992490469588,0.21198612066589118,281.4836849329094,0.6408845820203201,true,29.3826,583.263,9.03585
90,0.05,50.0,1.0,0.030681192587466394,0.4129932873148684,5.7436119015873786,0.16985552061637177,634.1894527327026,0.22601683482675142,true,34.3766,693.704,13.1629
90,0.05,50.0,1.0,1.580334013128412,0.24883654077579828,0.6375440649181728,0.2265800432666641,872.474727515587,0.20789707738671975,false,90.1549,1897.79,30.7685
90,0.05,50.0,1.0,0.07839333951364308,0.3560230327783484,1.567470260740672,0.3977697052785728,554.2943048706858,0.4566843686572752,true,43.2223,878.2,25.78
90,0.05,50.0,1.0,1.0920573362360197,0.20534773355000657,3.4339831158927,0.28585222763191737,285.2827334234273,0.1601874926214644,true,35.7563,715.776,11.9013
90,0.05,50.0,1.0,0.053428127470756155,0.25647312602946093,5.606086482392126,0.654559515341841,490.3730996012993,0.394637707385223,true,59.924,1222.25,46.683
90,0.05,50.0,1.0,0.194850239925753,0.35780996214448607,3.378864881233486,0.36783973363025324,440.5285610307717,0.2859817993047224,true,36.4052,731.984,13.7894
90,0.05,50.0,1.0,0.3971192630103308,0.246944021589106,1.9910709908029638,0.20786515817820966,437.04744706485536,0.5144401882624449,true,36.1176,726.161,13.2298
90,0.05,50.0,1.0,0.17070331849925607,0.4156015046180462,2.090588997145319,0.40453458971573336,525.7632188263814,0.5587997528849992,true,42.7534,867.737,28.7343
90,0.05,50.0,1.0,1.8955566368048302,0.25752402799901014,51.14018570708152,0.33436043588871306,586.75667822104,0.6688725543618582,false,90.0813,1886.87,26.506
90,0.05,50.0,1.0,0.31996767907310103,0.5272240260848298,1.7504187982938224,0.4087382379786429,708.2826648388682,0.12563381242176183,true,81.7744,1716.34,60.8501
90,0.05,50.0,1.0,0.06198925334562269,0.3039680812153462,7.380902995372797,0.24834488523729295,751.4486606220983,0.44446068985307935,false,90.0935,1896.68,43.7451
90,0.05,50.0,1.0,2.6002149795716347,0.4838729846791813,0.48569412093633374,0.3388178137704214,531.6903222690692,0.10403528270368938,false,90.1402,1902.43,40.7288
90,0.05,50.0,1.0,0.14310781642135284,0.3643314623800993,2.30920690870504,0.24062579595883996,422.2592273321491,1.3662181850163364,true,36.4069,732.138,14.8562
90,0.05,50.0,1.0,0.11667885813175843,0.6609304167953846,47.297353888961396,0.25052247248184295,665.2457326201944,0.10549066548943468,false,90.0309,1906.95,26.2965
90,0.05,50.0,1.0,0.04380819889945952,0.22141512541061426,16.67864056540037,0.33488884949223013,565.2441268959561,1.0739395546930832,false,90.0855,1882.09,37.6093
90,0.05,50.0,1.0,0.3024510440908401,0.3762673349156825,30.665420137003036,0.37860132219711223,630.686302096696,0.5303065119578586,false,90.0703,1891.5,32.8297
90,0.05,50.0,1.0,1.8624743688495087,0.21861353920581775,12.032071781548629,0.29563072304353327,568.6337849961786,1.9693937951664804,false,90.0995,1878.53,61.5717
90,0.05,50.0,1.0,0.16726279556415802,0.4337295102702967,5.350684343810817,0.246137319991642,569.4620778256159,0.3885258207215789,true,36.2797,733.033,13.2998
90,0.05,50.0,1.0,0.437037278985634,0.406692090295727,670.8691821870148,0.5510702076541144,1519.9299946675874,1.080788381377282,false,90.0738,1885.03,17.5046
90,0.05,50.0,1.0,0.42622163226602056,0.2680993730338309,10.734263732131568,0.20587779962199937,419.11635418079084,1.0331118289174201,false,90.1258,1893,50.3188
90,0.05,50.0,1.0,0.2248125459045061,0.15825921952535504,79.82092579170147,0.18064324744447333,518.2244262386766,0.09203375734500872,false,90.0885,1893.51,24.5629
90,0.05,50.0,1.0,0.05761397393133617,0.3608472334999671,4.261674659567821,0.20541266351656454,780.1358900347137,0.3593354287079306,false,90.0106,1898.76,47.573
90,0.05,50.0,1.0,0.3459470575620831,1.0263551029560418,6.965229679773115,0.3708015173271776,735.2497832962886,0.36767055882713406,false,90.1097,1904.17,38.1584
90,0.05,50.0,1.0,0.36209275002774965,0.378922806000652,94.39039355082491,0.2127901686815597,859.0701179629843,0.647101046014083,false,90.0602,1900.53,17.9899
90,0.05,50.0,1.0,0.05561129660894515,0.1955287503105673,1.9838678502765197,0.19813159698951718,495.3226213165323,0.10289258517520407,true,40.0577,811.215,17.8941
90,0.05,50.0,1.0,0.2534404414134934,0.19787398994751074,2067.9235775306,0.4279013767764311,630.8439801372723,0.8889642674342354,false,90.0417,1839.24,62.2955
90,0.05,50.0,1.0,0.19862832391741214,0.5607838368728653,2.091475629596937,0.46210248097131235,641.8861150627162,0.356656077554811,true,83.2422,1745.95,66.3948
90,0.05,50.0,1.0,0.2737245612112878,0.20635376666913227,13.201335866789407,0.22027103569746448,882.4432128002442,0.29328220662409027,false,90.1062,1893.51,25.5375
90,0.05,50.0,1.0,7.5586238350622255,0.24731535808992117,12.272675003141217,0.2982528541428165,778.74899443329,0.6559383302048883,false,90.1227,1888.32,25.0198
90,0.05,50.0,1.0,0.192124228959335,0.474040815483829,14.159635722951634,0.21057040705001626,293.4912613498815,0.13786841293507987,true,34.2255,689.609,12.9528
90,0.05,50.0,1.0,0.05432708675401995,0.18620424797727292,0.10302381477746939,0.40898746297828764,383.4785643290879,0.18236434038763077,true,43.1993,868.079,30.4739
90,0.05,50.0,1.0,0.5026289527150102,0.19190175064212253,4.121058736256356,0.16114442478024313,900.1226732377853,0.22668649888001094,false,90.1076,1897.15,41.1451
90,0.05,50.0,1.0,0.17344764516591793,0.18345741030829496,3.725072859788903,0.30957338094484155,821.6934666866688,0.23904299291272074,false,90.1568,1885.03,29.4543
90,0.05,50.0,1.0,0.8282148250464965,0.5117305321090486,32.42970280631239,0.28274449392491946,338.0468757661888,0.20884467851436342,true,34.3131,691.19,15.65
90,0.05,50.0,1.0,0.11820087774908446,0.17996441560470952,0.6216513453701995,0.18611869921042945,128.02942917134627,0.09432218495673297,true,13.8764,243.151,6.94027
90,0.05,50.0,1.0,0.7591867078696652,0.23420058376881472,6.395400088966073,0.30312131350952726,811.8442588568348,0.5652254847526174,false,90.1621,1889.81,26.5829
90,0.05,50.0,1.0,0.3036080952121024,0.23681561385087616,4.0017058681333895,0.20659183637071388,440.965821082429,0.37980695461783365,true,34.3429,688.304,14.7254
90,0.05,50.0,1.0,75.14823400747036,0.2365627144550652,14.91810066788186,0.27144353387313286,514.4838506580317,1.9992482300286403,true,40.5808,817.485,17.9237
90,0.05,50.0,1.0,3.289624558918273,0.28014242614051077,32.0186008628646,0.35493340499301956,451.14341002791883,0.24636536637316528,false,90.0023,1888.46,37.343
90,0.05,50.0,1.0,0.026073550265181603,0.27238958074522124,1.0621957859237638,0.198996156977749,646.9559656435885,0.07207761698066244,true,83.4051,1749.65,72.3308
90,0.05,50.0,1.0,1.4070413127934274,0.5720066791563719,18.668220807937818,0.447643456892562,1336.0100927970736,0.9469636085065948,false,90.0075,1895.21,16.9844
90,0.05,50.0,1.0,0.21640491547328003,0.8731700357018732,0.7140988884844084,0.6661526060094597,560.5795692579342,0.06424428264962313,true,47.0871,965.818,29.9679
90,0.05,50.0,1.0,1.2181295688984335,0.2707734241278812,6.017949540391804,0.14940159157223393,1021.2153486978466,0.4284751473919626,false,90.1311,1902.35,23.4413
90,0.05,50.0,1.0,0.05022864567847684,0.17356379094683855,59.982997011852866,0.16260150163251613,421.47055941074893,2.6830704616007583,false,90.0969,1883.56,27.5488
90,0.05,50.0,1.0,0.3491425756485112,0.35038835704159527,0.3732392668395839,0.34682204075356393,803.2551927360611,1.4887274382413433,false,90.0847,1889.1,44.6154
90,0.05,50.0,1.0,0.31511694184319744,0.23881837479872,0.30830643787590967,0.30476566245618897,766.1528493467835,0.6641805372539296,false,90.0312,1885.76,37.8181
90,0.05,50.0,1.0,1.2051273918603596,0.1799864994084471,1.692366039233923,0.20980646769251104,2347.340461766213,1.1835622401359835,false,90.1039,1886.84,15.5454
90,0.05,50.0,1.0,0.7440404012250351,0.3359990594572174,5.080501514560416,0.32799614946058775,1818.1688685995628,0.6503328560460621,false,90.1254,1894.85,17.2642
90,0.05,50.0,1.0,0.46451722624999925,0.24101806624619385,8.761493288545035,0.2545999706698249,899.2876023673098,0.13180695891134392,false,90.0067,1893.73,27.0551
90,0.05,50.0,1.0,0.048585942406285894,0.2891572634120827,15.20063654958367,0.24052223635890682,236.69176274164258,0.45076160137135185,true,36.0287,724.885,12.3343
90,0.05,50.0,1.0,0.09931371828099801,0.37047418975320756,24.22863729032733,0.4655327862866548,1043.8808912024151,0.3099498396941521,false,90.1131,1891.17,22.8751
90,0.05,50.0,1.0,0.0820698629513428,0.2880115131795128,10.729995410746437,0.1792631908361778,1674.1642667393858,0.15789930389234863,false,90.111,1903.81,17.6194
90,0.05,50.0,1.0,0.8870101759624833,0.5157029782170429,9.367791501913281,0.38430862952122197,1239.9167151196975,0.5616751861178254,false,90.0744,1898.58,22.1913
90,0.05,50.0,1.0,0.2102572915756807,0.1935916270670552,112.42998579659162,0.22161577193546209,858.0785954514054,0.11815153858347988,false,90.1446,1894.87,18.64
90,0.05,50.0,1.0,0.3042819056723105,0.254171982445802,14.710617851164386,0.33452309243904615,343.58234349995394,0.21475948909677345,true,36.324,728.785,10.4906
90,0.05,50.0,1.0,0.037100332748789676,0.1604732285059552,2.516164726281077,0.19392102500962935,1709.48065398468,0.884915777149679,false,90.125,1887.53,15.762
90,0.05,50.0,1.0,0.0932654005169789,0.3468133203260598,0.971815973040705,0.17094382039934458,690.528739596102,0.4893394886997285,true,84.2413,1768.88,75.4959
90,0.05,50.0,1.0,1.6858489830587804,0.488797863871981,659.4034562687078,0.15064095897134275,333.6853501246074,0.08691549891848976,false,90.0853,1910.82,17.3659
90,0.05,50.0,1.0,0.2933908239372761,0.2545144125818619,515.8378882164656,0.1632597358767232,1532.2149723064435,0.2808608776434771,false,90.0145,1897.19,16.6313
90,0.05,50.0,1.0,0.06340401705669733,0.23801710072517857,6.322167329845832,0.5031413768994145,546.6387792932006,0.3285905521318588,true,36.258,723.968,11.5566
90,0.05,50.0,1.0,0.09646499843638415,0.23030638827195957,823.9265185024835,0.3257980209927293,591.6586978668905,0.24809367879685124,false,90.0754,1884.07,18.1485
90,0.05,50.0,1.0,0.056957085258631364,0.4584088986586655,1.1234961662522032,0.3392006148512627,720.1426652000205,0.14967037103382008,true,89.5176,1886.8,63.9987
90,0.05,50.0,1.0,0.619982893479382,0.44561268742424015,42.407224355752405,0.4059987111693677,499.5385194923405,1.1429097490708096,false,90.1162,1894.96,25.9375
90,0.05,50.0,1.0,0.9366664686060031,0.6093846548652316,9.819125065149873,0.3427722669816413,1214.3654523385499,0.29864092884265137,false,90.0089,1903.47,19.7165
90,0.05,50.0,1.0,0.1421395537390239,0.42918667702270424,43.35998570614676,0.2286156872411178,604.2354828063075,0.5828537553081592,false,90.0009,1900.59,23.5678
90,0.05,50.0,1.0,5.701107490460867,0.32181948341235955,10.118701495036294,0.2993611575108706,1044.094449377398,0.5719936044999127,false,90.0723,1894.28,18.3619
90,0.05,50.0,1.0,0.35351889213474486,0.36562617028867417,14.369370681612512,0.19370801800429785,816.1640687249325,0.47259103565339217,false,90.0265,1901.13,30.0349
90,0.05,50.0,1.0,0.30654712604475615,0.34460448960451057,0.11660776688393734,0.26440366108557706,440.52259477877,0.06092244768967721,true,42.3917,864.486,22.1765
90,0.05,50.0,1.0,0.1446000606421907,0.8045778973186156,2.196810737362256,0.36828856885524414,627.9423959901853,0.2660577480337762,true,79.4224,1650.35,74.3025
90,0.05,50.0,1.0,0.6784604392475344,0.36082957932825893,3.529043360453764,0.29985384858504704,897.0506811399636,1.4767047305415228,false,90.1458,1894.83,26.5643
90,0.05,50.0,1.0,0.4311329858481924,0.5046316715674644,7.936524507439124,0.6646937747538986,312.8117751079986,0.2714428232271807,true,56.0761,1151.52,34.4402
90,0.05,50.0,1.0,0.8394276770665744,0.2815925273576442,3.0951550873052085,0.28647780548571566,530.9567403178468,0.09070836072102331,true,43.1031,876.554,31.4373
90,0.05,50.0,1.0,0.003861340111497486,0.794027415263549,0.9323270850420826,0.25410865869088195,699.3667888339133,0.15670615200872823,true,63.8274,1329.58,61.4452
90,0.05,50.0,1.0,0.10878483079303249,1.0378869440318323,9.00818928756626,0.32770083570541947,1217.2982752228468,1.6633990045748384,false,90.0401,1905.39,19.0345
90,0.05,50.0,1.0,0.14677709551641455,0.44667385242898455,20.085141623573325,0.33246493940430133,461.17435037473035,0.22662000421823947,false,90.1644,1900.71,54.5149
90,0.05,50.0,1.0,1.144799347740952,0.5260827997067814,4.471281302829717,0.21256151943568574,1025.4061061908026,0.38014865571969164,false,90.099,1906.98,25.2828
90,0.05,50.0,1.0,1.343306929023353,0.2843603790541089,0.2660072160253536,0.5216437080039997,454.27835761386757,0.19336607900440114,true,43.2701,874.557,25.5325
90,0.05,50.0,1.0,0.522278067356507,0.42703253574189576,0.8629927666897478,0.31340275875085616,296.9971714787783,1.1748608202099753,true,36.0706,725.692,10.7303
90,0.05,50.0,1.0,0.47564278538971555,0.6205749360672402,1.5964076653054367,0.31131271929215004,505.08995008780255,0.6337491434761613,true,44.1092,901.361,28.4122
90,0.05,50.0,1.0,0.7724357443684661,0.24976146410262823,5.112024470022526,0.4883998378284539,728.7551558021728,0.2981092829778392,false,90.0477,1879.36,38.5845
90,0.05,50.0,1.0,0.19157159811967436,0.2169848733344278,3.9046687883647,0.4155172968604707,829.8499326630379,0.5629178054831573,false,90.0887,1879.93,22.64
90,0.05,50.0,1.0,0.12804657522536847,0.3450425110442415,1.4567257569640966,0.380229384481173,1004.8032756802667,0.1462288891663902,false,90.0935,1895.15,26.9809
90,0.05,50.0,1.0,0.5010718040338805,0.3997376393888151,21.497683831184478,0.1995656862638763,694.7197925984432,0.5510824172298987,false,90.1496,1904.53,30.056
90,0.05,50.0,1.0,0.1571007970084732,1.1854320757069996,3.2679098848293484,0.4765398336091994,1305.117134190895,0.6154210608454209,false,90.0333,1906.31,19.2508
90,0.05,50.0,1.0,0.603810654647784,0.3925159008275718,14.67456520152671,0.25430020485155164,524.7397748366142,0.9890763656983642,false,90.1302,1897.23,49.1175
90,0.05,50.0,1.0,0.991635729067562,0.21564909148284409,14.654897055452341,0.2519447446635228,574.6919852898338,0.28871760802342883,false,90.0401,1890.44,38.0869
90,0.05,50.0,1.0,1.0789872697483094,0.2000812905687269,5.3189692074015,0.2943623081309812,380.3477832864904,0.18338000335451848,true,39.8927,804.352,23.5321
90,0.05,50.0,1.0,0.5636987160146948,0.16496974620068502,5.612182556459251,0.2577248178432057,524.1411214248433,0.6032883306370719,true,60.3494,1241.56,45.6587
90,0.05,50.0,1.0,3.2871610299027645,0.3556147657825354,1.849697300981702,0.23927172452439813,1403.61111448716,0.39593485132667466,false,90.0698,1900,16.8316
90,0.05,50.0,1.0,2.0368535441422515,0.38574861695720514,5.157477590912755,0.22923224687784047,495.1184321375726,1.5001194596976528,true,87.3238,1836.31,41.1099
90,0.05,50.0,1.0,0.6749320017852897,0.5885054496973198,3.716480244789826,0.1470839803504272,407.1807790018155,0.05120676853095821,true,34.1069,688.588,11.8276
90,0.05,50.0,1.0,0.20317544866339393,0.3514875506093271,102.21173686595709,0.1533251195948559,762.4095459502124,0.4119948910746499,false,90.0238,1903.59,18.1403
90,0.05,50.0,1.0,1.4360227303865711,0.36509020177021123,2.656861889407844,0.48479727137930645,450.80894330925275,0.4803390011686225,true,60.9133,1256.6,43.1349
90,0.05,50.0,1.0,0.02042809160622408,0.3590799083538538,12.17671260774854,0.24898223172216233,558.6605672287384,0.2807415835745684,false,90.139,1901.84,36.4823
90,0.05,50.0,1.0,0.5985222821507041,0.3443160100223366,3.523264905258873,0.23476784663101552,822.299793739989,0.14572644775686033,false,90.1396,1903.59,27.7414
90,0.05,50.0,1.0,2.061875770839196,0.5484807772231582,1.4229364749183582,0.16050790430722056,857.5995865186883,0.1421737339182918,false,90.0397,1909.22,32.8676
90,0.05,50.0,1.0,0.8854614895400873,0.65287577855522,3.4488370496592746,0.12056728965343703,1349.5457195000217,0.3873868811837238,false,90.0182,1909.95,18.8892
90,0.05,50.0,1.0,0.15056358878347129,0.5667706679296249,21.135978198113754,0.527982633465825,944.6244886475399,0.17291358917388833,false,90.0416,1897.15,21.5071
90,0.05,50.0,1.0,0.7041059886147036,0.9066953127824414,0.41837949807270763,0.22903268751957073,1378.8050048046182,0.47425411727136657,false,90.062,1910.92,20.4261
90,0.05,50.0,1.0,7.747102248767848,0.7594423951829967,51.418336691251085,0.13290414107255963,672.0474428246425,0.1848367807123171,false,90.1425,1912.17,22.4675
90,0.05,50.0,1.0,0.14731089600206088,0.7113047112663672,2.88013911842148,0.23184430640618822,411.4100872694089,0.6288412984556155,true,36.0641,728.772,11.8099
90,0.05,50.0,1.0,0.021828899837695925,0.8693636575127073,79.84117962287826,0.2464914025326372,1160.8248267307079,0.3281958831965654,false,90.0959,1912.34,18.7018
90,0.05,50.0,1.0,0.4806800864071922,0.6290912005552278,235.78989108623318,0.14879791853754462,807.7933185610642,0.6455939858739004,false,90.0711,1908.57,17.5203
90,0.05,50.0,1.0,0.12291587643909627,0.4042050536726997,0.6634743468112893,0.17835837198568275,1034.3107077188486,0.28572778250002406,false,90.0226,1905.21,22.1056
90,0.05,50.0,1.0,0.379545052326202,0.6551377834281247,26.430209722220475,0.6228921239538362,1592.522205240047,0.47840395964698257,false,90.0894,1897.18,16.5374
90,0.05,50.0,1.0,0.18081549900901656,0.3542518755515528,115.81589210892685,0.3238272781756741,1761.2055839701711,0.08324599926286476,false,90.095,1899.13,16.9654
90,0.05,50.0,1.0,0.5542437445571636,0.402320881019654,73.83110787127495,0.1513937457211136,450.80147951509525,0.7657185584767381,false,90.1273,1905,22.2989
90,0.05,50.0,1.0,0.2235684491192856,0.6351133399682739,0.8257530977197187,0.2826945339928228,488.63626047155907,0.032884294510555044,true,40.1243,816.184,22.1432
90,0.05,50.0,1.0,0.9085995934210587,0.5188663125896802,11.547362046440686,0.17972609125572964,1473.5236611281637,1.3600994924962513,false,90.1261,1904.96,16.8641
90,0.05,50.0,1.0,0.5039449815080528,0.507577541504603,13.759161930137193,0.16319999495823723,1411.5205309959379,0.3882101270244079,false,90.0009,1906.97,19.0697
90,0.05,50.0,1.0,0.3154557510174239,0.4898444973175908,75.70414036168691,0.3397337712117727,842.0077997323592,1.0430102638345744,false,90.1599,1900.01,18.9608
90,0.05,50.0,1.0,0.18238733864577739,0.7125023172242445,3.537740751849911,0.1377444050656951,392.08339621132853,0.06499491261092026,true,42.72,872.816,22.4977
90,0.05,50.0,1.0,0.09787338372893772,0.3986442231233186,0.49221947186912157,0.4209877259668395,790.1262614560139,0.20517502548747796,false,90.1074,1895.16,33.5084
90,0.05,50.0,1.0,0.16048779995657736,0.2931197632950499,3.2275363180855337,0.2574117205728247,405.36100821052105,0.07970457916386653,false,90.1328,1899.21,32.8368
90,0.05,50.0,1.0,0.29725865734113904,0.34422607251487897,12.453856254180975,0.14211365766608255,823.0504893425003,0.7357037312270953,false,90.1522,1904.65,29.3029
90,0.05,50.0,1.0,0.9081501310215316,0.46235995722887163,781.5025044117267,0.1474855007343041,1067.8400487032636,1.6754678354307082,false,90.1022,1901.62,18.3453
90,0.05,50.0,1.0,0.9806255732548117,0.38395423117260596,0.7867413089457224,0.19311176507119096,1291.419314002857,0.3146709212154449,false,90.0133,1902.86,18.5905
90,0.05,50.0,1.0,0.7896783270371639,0.25640398400394715,2.6587778101819897,0.1648813964421051,1029.172159327142,0.12133953103263043,false,90.136,1904.61,27.376
90,0.05,50.0,1.0,0.07652885235670773,0.2214138904433061,30.488837011139843,0.2153525042644881,1990.8401662242575,0.3296764013980491,false,90.1421,1896.1,16.1962
90,0.05,50.0,1.0,0.3139206398586362,0.2974020274638689,219.64048051516735,0.2174971770564605,844.9780246295963,0.2221286313239683,false,90.0773,1900.2,16.7266
90,0.05,50.0,1.0,0.006879119526187788,0.48832616406093066,9.785629711037254,0.2070042365623272,1067.8173476722134,0.42747142225479806,false,90.0764,1905.72,19.5362
90,0.05,50.0,1.0,0.5604326613423197,0.9524512634484447,0.8140450885621986,0.2699668242816455,2262.29005783725,0.141865112882137,false,90.0331,1909.61,15.7405
90,0.05,50.0,1.0,1.3633986884548897,0.2988100535686573,1.5307658270645632,0.37620514229303514,598.0021793360239,0.07161952334354564,false,90.0328,1890.21,55.5979
90,0.05,50.0,1.0,0.8857120254232327,0.44757111376523445,39.264710821718424,0.2595048710019493,513.3122811848912,0.13739265471455614,false,90.0604,1904.16,36.0485
90,0.05,50.0,1.0,0.09617050283852092,0.30131106749094616,29.31518473837562,0.2096209611168063,835.8756412478035,0.0999942432417162,false,90.0102,1900.91,21.9001
90,0.05,50.0,1.0,2.1914942708920426,0.6121650454706719,2.3499472731953523,0.19372548005919102,650.7667433711612,0.42839204206835174,false,90.0363,1907.45,36.5267
90,0.05,50.0,1.0,0.23947178884912426,0.7509090835506068,2.5718588472355473,0.367795472218448,837.0864461560516,0.376121197133087,false,90.1642,1906.8,34.8182
90,0.05,50.0,1.0,0.48849758226779844,0.5610788079810995,11.138384942703814,0.438351613737063,647.041939911496,0.4862172372618087,false,90.1089,1898.25,38.5302
90,0.05,50.0,1.0,0.16455165516784803,0.5636972792558063,3.5731453454435673,0.17853698216361466,978.9741237616546,0.10685988074122413,false,90.1422,1912.94,30.1885
90,0.05,50.0,1.0,0.07437737471779544,0.5910301630288989,4.802459933587691,0.2567867739172401,2014.8141301636426,0.3332071366934743,false,90.0402,1906.18,16.5751
90,0.05,50.0,1.0,0.83209560229202,0.7392739378366914,1.167312446841997,0.2792083590449814,769.1624099264282,0.09325545078901762,true,88.7166,1879.74,48.9728
90,0.05,50.0,1.0,0.4937197774532024,0.19495273983404768,7.729293141949551,0.319221558754191,501.72265239839413,1.1746005722970285,false,90.0229,1871.91,83.9185
90,0.05,50.0,1.0,0.04378234914658594,0.7015119276853837,8.559594209289825,0.1475221796548567,733.0772942474781,0.39212420532389336,false,90.0385,1906.69,64.33
90,0.05,50.0,1.0,0.610999566095206,0.774459912960247,3.0059493882717705,0.33976023328927507,648.2659667676202,0.4036347526360111,false,90.1183,1906.03,50.282
90,0.05,50.0,1.0,0.05933391219297967,0.4260679787767393,12.709088288137927,0.1154316407974955,905.898748797875,0.7269358951873901,false,90.1664,1908.46,21.7366
90,0.05,50.0,1.0,0.5502055816607957,0.8977942733973734,1.7323134215257479,0.21775160397660012,1483.202191129624,0.2371457821989894,false,90.0387,1911.97,17.6205
90,0.05,50.0,1.0,1.539924211821411,0.9485235932265753,14.420469816430208,0.571478140018206,540.2089233230107,0.35789500054367435,false,90.1435,1904.18,37.7291
90,0.05,50.0,1.0,0.19479709132675596,0.4352990974943055,11.721391493314021,0.2506367338068922,854.5520846139551,0.6237288350436699,false,90.0232,1899.25,23.7904
90,0.05,50.0,1.0,0.007985739779067889,0.36682588677099925,2.4886782305669333,0.36078419214100355,1529.6461194299181,0.2540814162503396,false,90.1352,1897.52,18.4051
90,0.05,50.0,1.0,0.10629946119377158,0.3924401739618378,1.2109685026266797,0.25815385972994975,319.22933125883145,0.49108501952248257,true,36.0652,726.882,15.1046
90,0.05,50.0,1.0,0.5091866998315197,0.16546967512714728,7.613199433647385,0.16535217899112084,1003.9176284905891,0.3148407771970893,false,90.0379,1893.26,21.8555
90,0.05,50.0,1.0,0.7991660362149576,1.0076115596499153,42.62217057595638,0.22547870509842322,576.703870886605,0.5795934444500233,false,90.0897,1911.4,25.5359
90,0.05,50.0,1.0,0.23054098051150038,0.40153461207282015,2.420442415429351,0.31372144394605006,715.6194109419918,0.7028730161868513,false,90.023,1895.11,35.1808
90,0.05,50.0,1.0,5.6305626423486865,0.6952053035749134,49.472730184287485,0.3229800147011635,590.9841534826098,0.27708086536885773,false,90.019,1905.68,23.2238
90,0.05,50.0,1.0,0.06841790032255114,0.24641732437285002,75.28598343963066,0.32825629606206724,826.6787660856247,0.3586172119855676,false,90.0503,1889.01,16.8248
90,0.05,50.0,1.0,0.5596058405822646,0.39399915207864095,10.403931843361445,0.2070996023128469,1003.3505237101956,0.17026792858929085,false,90.1387,1906.9,28.1223
90,0.05,50.0,1.0,0.8858879966330206,0.16980339684578072,7.468907656856162,0.2503444470451609,1115.7486409034327,0.2605208622141427,false,90.0324,1886.28,20.3173
90,0.05,50.0,1.0,0.07204891477451965,1.0822817359080947,5.31419990986574,0.46376114647630096,464.33680611076437,0.26648436345407844,true,78.1326,1636.13,64.645
90,0.05,50.0,1.0,1.8509722442072083,0.5625343439001428,1.0812804018626239,0.2152386318746505,784.9490840229303,0.2002272089760526,false,90.089,1908.81,29.5654
90,0.05,50.0,1.0,0.5150909738701457,0.49462106623672525,52.671533726781966,0.20138378074694513,616.583113936173,0.6020969980619736,false,90.021,1904.75,20.6499
90,0.05,50.0,1.0,0.10998147242900737,0.8397724433443106,8.200132135826625,0.2214924635171211,1166.8259521886257,0.29364342117804487,false,90.0628,1912.29,19.5873
90,0.05,50.0,1.0,1.5148812071141546,0.6047248540577135,38.192783357357996,0.35371684612700877,636.9588412175948,0.6106910685731038,false,90.1336,1903.72,21.4233
90,0.05,50.0,1.0,0.3026217773545681,0.4188325430467065,20.766979268402977,0.2580269500379064,1179.1765447723294,0.40463678496260164,false,90.1185,1902.72,17.9889
90,0.05,50.0,1.0,0.37161134418152525,0.33652406060560364,12.581958247159067,0.27263151689650883,740.9553899142566,0.6512780833998083,false,90.0877,1896.67,23.5428
90,0.05,50.0,1.0,0.0435258135810001,0.3637593086886288,3.4548035723804804,0.16142774199581608,1429.1805181898853,0.1703311092814063,false,90.0181,1905.43,17.1167
90,0.05,50.0,1.0,0.9938644431690304,0.48600782373903306,0.6586945244696261,0.3003724353498731,1408.609673618365,0.61086455968711,false,90.054,1900.23,18.2195
90,0.05,50.0,1.0,0.1719269399634741,0.3398884414419406,1.0312784215969697,0.27472304238095124,907.4199982795168,0.17209738090006715,false,90.0046,1898.43,25.0815
90,0.05,50.0,1.0,0.03394132915571823,0.9826467471382603,0.2377920543910846,0.4392131098104032,835.1742229514155,0.6530502646579835,false,90.0875,1904.96,25.6567
90,0.05,50.0,1.0,2.6864260469614396,0.34730355808819,40.975159106988976,0.24093498987217332,925.3364218231753,0.55716149037504,false,90.0462,1898.87,17.7926
90,0.05,50.0,1.0,0.2526471461876947,0.5510104696699225,3.749756833216711,0.2124140385308875,535.890066555215,0.8490076204952808,false,90.0812,1904.4,43.5532
90,0.05,50.0,1.0,2.541597544188634,0.43980077941139706,23.01539478118434,0.3758620362022377,1534.0857186656565,0.1347287458444412,false,90.0912,1900.49,15.7481
90,0.05,50.0,1.0,0.1961450518367986,0.5688330997033734,9.990808324093418,0.23436923008410349,641.6230593550794,0.47765452444820605,false,90.0962,1906.9,26.6694
90,0.05,50.0,1.0,0.49803976851890036,0.590656718731567,0.32004590336660693,0.21192522897209243,1121.5195759113014,0.12214205104580377,false,90.0906,1911.72,20.167
90,0.05,50.0,1.0,1.4458854985248146,0.7346880492542132,54.52872165039718,0.2975582183375525,1023.8217435772061,1.296644131089515,false,90.0215,1902.97,17.6492
90,0.05,50.0,1.0,0.17401470726274923,0.6001533889441649,12.111021017069321,0.44520379707466734,510.3056929988098,2.869504134894258,false,90.1353,1895.35,22.9651
90,0.05,50.0,1.0,0.16157205396702307,0.24806377270645646,9.974710700933676,0.41674151767780887,585.4777769146406,0.06406989754165685,false,90.1118,1886.7,29.388
90,0.05,50.0,1.0,0.14186791361013468,0.7049977261492901,26.887315349676317,0.24238192057476168,844.1713122542905,0.3253939926980225,false,90.0587,1909.11,20.7616
90,0.05,50.0,1.0,0.09489542496369434,0.2708494302750441,7.057304796799889,0.1414757819064403,1889.072149412056,0.21406756820281717,false,90.0813,1904.61,16.7978
90,0.05,50.0,1.0,0.3270863083975144,0.9775645222788727,1.398780221364495,0.16187512520658437,893.2194187691362,0.14030556287843376,false,90.0555,1911.14,28.2406
90,0.05,50.0,1.0,1.0892892689410085,0.5132984776958299,14.648996138658879,0.25517327321929406,684.4379366389661,0.2728773142431622,false,90.0902,1906.2,27.836
90,0.05,50.0,1.0,0.018489391852724787,0.46659508579867015,3.524969609390221,0.5157466966522772,817.9052308334977,0.4269652392002223,false,90.0557,1893.2,24.6863
90,0.05,50.0,1.0,0.04824396880087289,0.3979012034036381,11.615477383451946,0.2116078211852026,567.8716202655704,0.5917958239718254,false,90.115,1902.83,29.4561
90,0.05,50.0,1.0,1.6565961341826008,0.3511952547722609,24.887623251104486,0.24988223004426982,438.57931663064943,0.25830552783432587,false,90.1321,1901.87,28.1675
90,0.05,50.0,1.0,0.1915133190744502,0.22627274538420517,21.78102979745192,0.22850470909840806,640.9644609451412,0.23790370797166996,false,90.1455,1896.59,22.8003
90,0.05,50.0,1.0,0.6477872861319146,0.5998674804311186,28.549555728102725,0.20526975889195162,982.1207341842122,0.15165150990501522,false,90.1391,1912.88,17.8262
90,0.05,50.0,1.0,4.154401339360514,0.3347899590289591,2.1818178814923237,0.36230804064553573,841.7022349263539,0.1448101553087925,false,90.0476,1893.72,27.0373
90,0.05,50.0,1.0,0.25352475397340424,0.6474244087116989,11.823536378904832,0.3107548929328041,823.7309502919444,1.1506571256416607,false,90.011,1900.91,22.7862
90,0.05,50.0,1.0,0.13667182296811745,0.22436491668551062,0.44680217122008375,0.2559573488462183,528.8967492656101,0.10342915980745962,false,90.0402,1893.58,25.7873
90,0.05,50.0,1.0,7.1073866677369075,0.9921333538217859,7.764830431785161,0.27884606117409694,981.926029817692,0.3121912415794268,false,90.0178,1910.24,20.223
90,0.05,50.0,1.0,1.1233691890264428,0.42254304512052837,7.127461618626301,0.12529578567750188,2052.635821084964,0.21883259988624296,false,90.0923,1911.22,15.541
90,0.05,50.0,1.0,2.5615356674798617,0.6121428249663814,1.7955664182986164,0.13751138558105128,772.1536661988724,0.19543830142870341,false,90.094,1913.67,21.3219
90,0.05,50.0,1.0,0.09016094211958597,0.48461345052827737,6.63451901737583,0.21362013911115216,496.80263050511104,0.09122693851988592,true,88.2785,1867.98,33.7772
90,0.05,50.0,1.0,0.1295285201150169,0.40081262967265896,24.140832563778318,0.15154784479336825,1506.0341831885664,0.11154901477615224,false,90.099,1910.92,17.0428
90,0.05,50.0,1.0,0.8097494654377431,0.24338274011745722,23.558050924431548,0.25459345911592995,2451.9920003734996,0.39263911290341436,false,90.0055,1892.35,15.0695
90,0.05,50.0,1.0,0.1926155643729713,0.3494051105505209,12.364464151368633,0.23323241223929952,1175.9901681323206,0.12068433674300892,false,90.1014,1904.04,18.615
90,0.05,50.0,1.0,1.4333725733788023,0.46744843461767405,10.72181992062446,0.28878609273995187,890.553075870866,0.4537175625193676,false,90.018,1900.87,18.9594
90,0.05,50.0,1.0,1.5034950559027087,0.34102848224310295,0.12766309658492625,0.3208163168033805,717.9324600130384,0.12479485998698012,false,90.0125,1896.66,27.7612
90,0.05,50.0,1.0,0.43312590212405366,0.25837482705710174,0.471560520345198,0.40364248125530094,445.6200234304579,0.35884697124222004,false,90.1485,1886,40.0111
90,0.05,50.0,1.0,0.10659901230116169,0.7685796261116111,0.6795641607036741,0.23578270845252738,1066.8662295730314,0.16738974628890818,false,90.0961,1911.94,23.3102
90,0.05,50.0,1.0,0.9818673344050131,0.7785656562594205,72.88425749501552,0.19897743577842839,522.4997409915844,0.18123239437924515,false,90.1345,1914.12,20.7777
90,0.05,50.0,1.0,0.31155129672580556,0.5497222752774151,0.6702088581219704,0.26484629151954775,1869.768713448245,0.2969798018775856,false,90.0387,1905.61,16.4344
90,0.05,50.0,1.0,0.2231749247133384,0.8256580765839711,0.32812275586237494,0.16075983618811346,1014.0571724388244,0.1527315328346271,false,90.0948,1908.81,26.3147
90,0.05,50.0,1.0,1.2375434405978347,0.5310497596465662,5.096251956738988,0.11976201157831443,879.6372560910357,0.11502162311177765,false,90.122,1909.97,21.4404
90,0.05,50.0,1.0,2.4909033157812606,1.353635310570705,0.2109856481160212,0.14145950900133478,877.044170114933,0.4146811437267505,false,90.0943,1910.74,24.307
90,0.05,50.0,1.0,1.063047785009593,0.55849743995332,6.431273150695626,0.10408501037473304,660.4181699597855,0.5970103346818,false,90.1127,1910.88,32.555
90,0.05,50.0,1.0,0.2715674367313769,0.7502797290625851,26.40946474591257,0.27436195759078535,1262.031681523537,0.22428295799604153,false,90.0318,1909.39,17.1134
90,0.05,50.0,1.0,0.48745440527205014,0.5397535193852213,1.4162886814687436,0.1914266092875222,605.1656204256502,0.7499223243321431,false,90.0594,1905.75,27.4445
90,0.05,50.0,1.0,0.07931120758498088,0.6727940723848304,34.29003876042169,0.11835336659782224,988.808817887814,0.16050802881072396,false,90.0021,1914.14,18.4973
90,0.05,50.0,1.0,0.237827766417425,0.33966693664976116,7.842123149565003,0.1898042268132437,1258.8435298653335,0.09519151755981087,false,90.0896,1905.59,17.8034
90,0.05,50.0,1.0,0.24324477327730687,0.4266953514033529,18.897534199649055,0.18559556713360703,1681.619708977047,0.3487150642481931,false,90.0898,1905.7,16.3695
90,0.05,50.0,1.0,0.21143595332205922,0.5184706845415974,72.48525552647246,0.1342601411816657,528.2789711635652,0.09004226781049766,false,90.0022,1909.91,20.867
90,0.05,50.0,1.0,1.9477560906271048,0.7192748258761024,10.462153662906795,0.27971082703853395,667.4943811921909,0.7047615446703556,false,90.0612,1905.83,24.915
90,0.05,50.0,1.0,17.892524004895993,0.5784810484693012,0.7529968553079011,0.34065538707219445,1196.803271580144,0.26322711182384917,false,90.0435,1903.95,18.5548
90,0.05,50.0,1.0,0.307981049954184,0.47778069881959184,8.17177312558908,0.1956388233569892,544.3903057504932,0.7874959964494804,false,90.0529,1903.49,27.7541
90,0.05,50.0,1.0,0.28492487842250636,0.4356462291734491,3.70784794649184,0.16370936988915202,973.7669854526465,0.09931367151219195,false,90.0022,1908.36,22.7056
90,0.05,50.0,1.0,0.40861912977074744,0.6284032860548922,77.17935861818415,0.20265476106666422,905.7446101537198,0.22217036870851958,false,90.0182,1909.73,18.3097
90,0.05,50.0,1.0,0.3660269325867625,0.5291549665625901,12.923853783333305,0.22696467536178372,1069.5786475806576,0.20619727267291715,false,90.1466,1910.25,18.5474
90,0.05,50.0,1.0,0.46774587590714706,0.49263076473004336,0.34030726895816327,0.34207606541844576,647.5139616288269,0.2222036180711003,false,90.0009,1899.96,25.2675
90,0.05,50.0,1.0,0.7390912947288175,0.39168843999182756,5.134751837696388,0.39954062849909566,1434.285600161637,0.14238045891850568,false,90.0677,1897.34,16.4088
90,0.05,50.0,1.0,0.40349204347627027,0.9327858957368425,1.952794839770446,0.3921844645300271,943.4485284216555,0.3529861749028308,false,90.0966,1908.86,23.4585
90,0.05,50.0,1.0,13.6847946653974,0.536441933532663,1.6366522349997545,0.20173705820032886,871.870481216519,0.22576912185100725,false,90.1221,1910.16,23.3399
